"DESCRIPTION","DURATION IN MS","NAME","PARENT SUITE","START TIME","STATUS","STOP TIME","SUB SUITE","SUITE","TEST CLASS","TEST METHOD"
"","62","B4-NONDETERM.05","","Sun Mar 30 15:36:57 GMT 2025","passed","Sun Mar 30 15:36:57 GMT 2025","","HYPERON-EXPERIMENTAL-SCRIPTS","HYPERON-EXPERIMENTAL-SCRIPTS",""
"","25","MATCH-EMPTY.06","","Sun Mar 30 15:39:32 GMT 2025","passed","Sun Mar 30 15:39:32 GMT 2025","","METTA-MORPH-TESTS","METTA-MORPH-TESTS",""
"","40000","hyperon-experimental_scripts.d4_type_prop_x2","","Sun Mar 30 15:36:56 GMT 2025","failed","Sun Mar 30 15:37:36 GMT 2025","","WHOLE-TESTS","WHOLE-TESTS",""
"","76","A3-TWOSIDE.04","","Sun Mar 30 15:36:57 GMT 2025","passed","Sun Mar 30 15:36:57 GMT 2025","","HYPERON-EXPERIMENTAL-SCRIPTS","HYPERON-EXPERIMENTAL-SCRIPTS",""
"","32","C1-GROUNDED-BASIC.12","","Sun Mar 30 15:36:57 GMT 2025","passed","Sun Mar 30 15:36:57 GMT 2025","","HYPERON-EXPERIMENTAL-SCRIPTS","HYPERON-EXPERIMENTAL-SCRIPTS",""
"","48","D2-HIGHERFUNC.16","","Sun Mar 30 15:36:57 GMT 2025","passed","Sun Mar 30 15:36:57 GMT 2025","","HYPERON-EXPERIMENTAL-SCRIPTS","HYPERON-EXPERIMENTAL-SCRIPTS",""
"","121","C2-SPACES.01","","Sun Mar 30 15:36:55 GMT 2025","passed","Sun Mar 30 15:36:55 GMT 2025","","MODULE-SYSTEM","MODULE-SYSTEM",""
"","56","D2-HIGHERFUNC.23","","Sun Mar 30 15:36:57 GMT 2025","passed","Sun Mar 30 15:36:57 GMT 2025","","HYPERON-EXPERIMENTAL-SCRIPTS","HYPERON-EXPERIMENTAL-SCRIPTS",""
"","197","TEST-SPO-1000.01","","Sun Mar 30 15:42:41 GMT 2025","passed","Sun Mar 30 15:42:41 GMT 2025","","METTA-WAM-ISSUE-116","METTA-WAM-ISSUE-116",""
"","75","FACTORIAL.01","","Sun Mar 30 15:39:32 GMT 2025","passed","Sun Mar 30 15:39:32 GMT 2025","","METTA-MORPH-TESTS","METTA-MORPH-TESTS",""
"","54","AND-OR-XOR-BACKTRACKING-254.02","","Sun Mar 30 15:42:36 GMT 2025","passed","Sun Mar 30 15:42:36 GMT 2025","","ISSUES","ISSUES",""
"","55","AND-OR-XOR-BACKTRACKING-254.08","","Sun Mar 30 15:42:36 GMT 2025","passed","Sun Mar 30 15:42:36 GMT 2025","","ISSUES","ISSUES",""
"","36","E3-MATCH-STATES.06","","Sun Mar 30 15:36:57 GMT 2025","failed","Sun Mar 30 15:36:57 GMT 2025","","HYPERON-EXPERIMENTAL-SCRIPTS","HYPERON-EXPERIMENTAL-SCRIPTS",""
"","24","C2-SPACES.04","","Sun Mar 30 15:36:55 GMT 2025","passed","Sun Mar 30 15:36:55 GMT 2025","","MODULE-SYSTEM","MODULE-SYSTEM",""
"","101","MATCH-EMPTY-OR-VAR.02","","Sun Mar 30 15:39:32 GMT 2025","passed","Sun Mar 30 15:39:32 GMT 2025","","METTA-MORPH-TESTS","METTA-MORPH-TESTS",""
"","37","TEST-IF-CLOSED.10","","Sun Mar 30 15:42:14 GMT 2025","passed","Sun Mar 30 15:42:14 GMT 2025","","ANTI-REGRESSION","ANTI-REGRESSION",""
"","66","D1-GADT.10","","Sun Mar 30 15:36:57 GMT 2025","passed","Sun Mar 30 15:36:57 GMT 2025","","HYPERON-EXPERIMENTAL-SCRIPTS","HYPERON-EXPERIMENTAL-SCRIPTS",""
"","53","AND-OR-XOR-BACKTRACKING-254.15","","Sun Mar 30 15:42:36 GMT 2025","passed","Sun Mar 30 15:42:36 GMT 2025","","ISSUES","ISSUES",""
"","33","TEST-IF-CLOSED.09","","Sun Mar 30 15:42:14 GMT 2025","passed","Sun Mar 30 15:42:14 GMT 2025","","ANTI-REGRESSION","ANTI-REGRESSION",""
"","15000","ordering.ordering_if_if2_factorial","","Sun Mar 30 15:36:56 GMT 2025","failed","Sun Mar 30 15:37:11 GMT 2025","","WHOLE-TESTS","WHOLE-TESTS",""
"","24","AND-OR-XOR-BACKTRACKING-254.16","","Sun Mar 30 15:42:36 GMT 2025","passed","Sun Mar 30 15:42:36 GMT 2025","","ISSUES","ISSUES",""
"","22","E3-MATCH-STATES.04","","Sun Mar 30 15:36:57 GMT 2025","passed","Sun Mar 30 15:36:57 GMT 2025","","HYPERON-EXPERIMENTAL-SCRIPTS","HYPERON-EXPERIMENTAL-SCRIPTS",""
"","138","BOOLEAN-TWICE.07","","Sun Mar 30 15:39:32 GMT 2025","passed","Sun Mar 30 15:39:32 GMT 2025","","METTA-MORPH-TESTS","METTA-MORPH-TESTS",""
"","25","MATCH-EMPTY-SAME.07","","Sun Mar 30 15:39:32 GMT 2025","passed","Sun Mar 30 15:39:32 GMT 2025","","METTA-MORPH-TESTS","METTA-MORPH-TESTS",""
"","83","ORDERING-IF2-IF-FACTORIAL.01","","Sun Mar 30 15:43:42 GMT 2025","passed","Sun Mar 30 15:43:42 GMT 2025","","ORDERING","ORDERING",""
"","104","AND-OR-XOR-BACKTRACKING-254.01","","Sun Mar 30 15:42:36 GMT 2025","passed","Sun Mar 30 15:42:36 GMT 2025","","ISSUES","ISSUES",""
"","1000","ordering.ordering_factorial_if2_if","","Sun Mar 30 15:36:56 GMT 2025","passed","Sun Mar 30 15:36:57 GMT 2025","","WHOLE-TESTS","WHOLE-TESTS",""
"","92","ZEROARGS.01","","Sun Mar 30 15:39:32 GMT 2025","passed","Sun Mar 30 15:39:32 GMT 2025","","METTA-MORPH-TESTS","METTA-MORPH-TESTS",""
"","1000","metta-morph_tests.collapse","","Sun Mar 30 15:36:56 GMT 2025","passed","Sun Mar 30 15:36:57 GMT 2025","","WHOLE-TESTS","WHOLE-TESTS",""
"","56","ORDERING-IF-IF2-FACTORIAL.08","","Sun Mar 30 15:43:42 GMT 2025","passed","Sun Mar 30 15:43:42 GMT 2025","","ORDERING","ORDERING",""
"","76","C1-GROUNDED-BASIC.15","","Sun Mar 30 15:36:57 GMT 2025","failed","Sun Mar 30 15:36:57 GMT 2025","","HYPERON-EXPERIMENTAL-SCRIPTS","HYPERON-EXPERIMENTAL-SCRIPTS",""
"","171","D3-DEPTYPES.01","","Sun Mar 30 15:36:57 GMT 2025","passed","Sun Mar 30 15:36:57 GMT 2025","","HYPERON-EXPERIMENTAL-SCRIPTS","HYPERON-EXPERIMENTAL-SCRIPTS",""
"","74","SUPERCOLLAPSE.07","","Sun Mar 30 15:39:32 GMT 2025","passed","Sun Mar 30 15:39:32 GMT 2025","","METTA-MORPH-TESTS","METTA-MORPH-TESTS",""
"","108","C1-GROUNDED-BASIC.07","","Sun Mar 30 15:36:57 GMT 2025","passed","Sun Mar 30 15:36:57 GMT 2025","","HYPERON-EXPERIMENTAL-SCRIPTS","HYPERON-EXPERIMENTAL-SCRIPTS",""
"","1000","metta-morph_tests.sequential_nested","","Sun Mar 30 15:36:56 GMT 2025","passed","Sun Mar 30 15:36:57 GMT 2025","","WHOLE-TESTS","WHOLE-TESTS",""
"","1000","hyperon-experimental_scripts.d2_higherfunc","","Sun Mar 30 15:36:56 GMT 2025","passed","Sun Mar 30 15:36:57 GMT 2025","","WHOLE-TESTS","WHOLE-TESTS",""
"","34","MATCH-EMPTY-OR-VAR.06","","Sun Mar 30 15:39:32 GMT 2025","passed","Sun Mar 30 15:39:32 GMT 2025","","METTA-MORPH-TESTS","METTA-MORPH-TESTS",""
"","146","A1-SYMBOLS.04","","Sun Mar 30 15:36:57 GMT 2025","passed","Sun Mar 30 15:36:57 GMT 2025","","HYPERON-EXPERIMENTAL-SCRIPTS","HYPERON-EXPERIMENTAL-SCRIPTS",""
"","25","D1-GADT.07","","Sun Mar 30 15:36:57 GMT 2025","passed","Sun Mar 30 15:36:57 GMT 2025","","HYPERON-EXPERIMENTAL-SCRIPTS","HYPERON-EXPERIMENTAL-SCRIPTS",""
"","71","A1-SYMBOLS.03","","Sun Mar 30 15:36:57 GMT 2025","passed","Sun Mar 30 15:36:57 GMT 2025","","HYPERON-EXPERIMENTAL-SCRIPTS","HYPERON-EXPERIMENTAL-SCRIPTS",""
"","1000","hyperon-experimental_scripts.b2_backchain","","Sun Mar 30 15:36:56 GMT 2025","passed","Sun Mar 30 15:36:57 GMT 2025","","WHOLE-TESTS","WHOLE-TESTS",""
"","37","BUG-254-AND-OR-XOR-BACKTRACKING-254.02","","Sun Mar 30 15:42:36 GMT 2025","passed","Sun Mar 30 15:42:36 GMT 2025","","ISSUES","ISSUES",""
"","47","D4-TYPE-PROP-X2.02","","Sun Mar 30 15:36:57 GMT 2025","passed","Sun Mar 30 15:36:57 GMT 2025","","HYPERON-EXPERIMENTAL-SCRIPTS","HYPERON-EXPERIMENTAL-SCRIPTS",""
"","25","A1-SYMBOLS.06","","Sun Mar 30 15:36:57 GMT 2025","passed","Sun Mar 30 15:36:57 GMT 2025","","HYPERON-EXPERIMENTAL-SCRIPTS","HYPERON-EXPERIMENTAL-SCRIPTS",""
"","35","MATCH-EMPTY-SAME.06","","Sun Mar 30 15:39:32 GMT 2025","passed","Sun Mar 30 15:39:32 GMT 2025","","METTA-MORPH-TESTS","METTA-MORPH-TESTS",""
"","2","D5-AUTO-TYPES.06","","Sun Mar 30 15:36:57 GMT 2025","passed","Sun Mar 30 15:36:57 GMT 2025","","HYPERON-EXPERIMENTAL-SCRIPTS","HYPERON-EXPERIMENTAL-SCRIPTS",""
"","1000","anti-regression.test_if_closed","","Sun Mar 30 15:36:56 GMT 2025","passed","Sun Mar 30 15:36:57 GMT 2025","","WHOLE-TESTS","WHOLE-TESTS",""
"","33","SEQUENTIAL-NESTED.07","","Sun Mar 30 15:39:32 GMT 2025","passed","Sun Mar 30 15:39:32 GMT 2025","","METTA-MORPH-TESTS","METTA-MORPH-TESTS",""
"","275","G1-DOCS.05","","Sun Mar 30 15:36:57 GMT 2025","failed","Sun Mar 30 15:36:57 GMT 2025","","HYPERON-EXPERIMENTAL-SCRIPTS","HYPERON-EXPERIMENTAL-SCRIPTS",""
"","71","D5-AUTO-TYPES.07","","Sun Mar 30 15:36:57 GMT 2025","failed","Sun Mar 30 15:36:57 GMT 2025","","HYPERON-EXPERIMENTAL-SCRIPTS","HYPERON-EXPERIMENTAL-SCRIPTS",""
"","33","D2-HIGHERFUNC.06","","Sun Mar 30 15:36:57 GMT 2025","passed","Sun Mar 30 15:36:57 GMT 2025","","HYPERON-EXPERIMENTAL-SCRIPTS","HYPERON-EXPERIMENTAL-SCRIPTS",""
"","53","BUG-254-AND-OR-XOR-BACKTRACKING-254.08","","Sun Mar 30 15:42:36 GMT 2025","passed","Sun Mar 30 15:42:36 GMT 2025","","ISSUES","ISSUES",""
"","145","BOOLEAN-TWICE.04","","Sun Mar 30 15:39:32 GMT 2025","passed","Sun Mar 30 15:39:32 GMT 2025","","METTA-MORPH-TESTS","METTA-MORPH-TESTS",""
"","32","D2-HIGHERFUNC.14","","Sun Mar 30 15:36:57 GMT 2025","passed","Sun Mar 30 15:36:57 GMT 2025","","HYPERON-EXPERIMENTAL-SCRIPTS","HYPERON-EXPERIMENTAL-SCRIPTS",""
"","90","C1-GROUNDED-BASIC.01","","Sun Mar 30 15:36:57 GMT 2025","passed","Sun Mar 30 15:36:57 GMT 2025","","HYPERON-EXPERIMENTAL-SCRIPTS","HYPERON-EXPERIMENTAL-SCRIPTS",""
"","22","D4-TYPE-PROP.03","","Sun Mar 30 15:36:57 GMT 2025","failed","Sun Mar 30 15:36:57 GMT 2025","","HYPERON-EXPERIMENTAL-SCRIPTS","HYPERON-EXPERIMENTAL-SCRIPTS",""
"","25","B3-DIRECT.02","","Sun Mar 30 15:36:57 GMT 2025","passed","Sun Mar 30 15:36:57 GMT 2025","","HYPERON-EXPERIMENTAL-SCRIPTS","HYPERON-EXPERIMENTAL-SCRIPTS",""
"","89","D4-TYPE-PROP.01","","Sun Mar 30 15:36:57 GMT 2025","passed","Sun Mar 30 15:36:57 GMT 2025","","HYPERON-EXPERIMENTAL-SCRIPTS","HYPERON-EXPERIMENTAL-SCRIPTS",""
"","66","D3-DEPTYPES.07","","Sun Mar 30 15:36:57 GMT 2025","passed","Sun Mar 30 15:36:57 GMT 2025","","HYPERON-EXPERIMENTAL-SCRIPTS","HYPERON-EXPERIMENTAL-SCRIPTS",""
"","2","B5-TYPES-PRELIM.20","","Sun Mar 30 15:36:57 GMT 2025","passed","Sun Mar 30 15:36:57 GMT 2025","","HYPERON-EXPERIMENTAL-SCRIPTS","HYPERON-EXPERIMENTAL-SCRIPTS",""
"","24","AND-OR-XOR-BACKTRACKING-254.09","","Sun Mar 30 15:42:36 GMT 2025","passed","Sun Mar 30 15:42:36 GMT 2025","","ISSUES","ISSUES",""
"","58","E2-STATES.05","","Sun Mar 30 15:36:57 GMT 2025","passed","Sun Mar 30 15:36:57 GMT 2025","","HYPERON-EXPERIMENTAL-SCRIPTS","HYPERON-EXPERIMENTAL-SCRIPTS",""
"","34","TEST-IF-CLOSED.08","","Sun Mar 30 15:42:14 GMT 2025","passed","Sun Mar 30 15:42:14 GMT 2025","","ANTI-REGRESSION","ANTI-REGRESSION",""
"","25","BOOLEAN-TWICE.12","","Sun Mar 30 15:39:32 GMT 2025","passed","Sun Mar 30 15:39:32 GMT 2025","","METTA-MORPH-TESTS","METTA-MORPH-TESTS",""
"","191","G1-DOCS.02","","Sun Mar 30 15:36:57 GMT 2025","passed","Sun Mar 30 15:36:57 GMT 2025","","HYPERON-EXPERIMENTAL-SCRIPTS","HYPERON-EXPERIMENTAL-SCRIPTS",""
"","157","B0-CHAINING-PRELIM.01","","Sun Mar 30 15:36:57 GMT 2025","passed","Sun Mar 30 15:36:57 GMT 2025","","HYPERON-EXPERIMENTAL-SCRIPTS","HYPERON-EXPERIMENTAL-SCRIPTS",""
"","35","TEST-IF-CLOSED.03","","Sun Mar 30 15:42:14 GMT 2025","passed","Sun Mar 30 15:42:14 GMT 2025","","ANTI-REGRESSION","ANTI-REGRESSION",""
"","151","A2-OPENCOGGY.01","","Sun Mar 30 15:36:57 GMT 2025","passed","Sun Mar 30 15:36:57 GMT 2025","","HYPERON-EXPERIMENTAL-SCRIPTS","HYPERON-EXPERIMENTAL-SCRIPTS",""
"","21","D4-TYPE-PROP-X2.06","","Sun Mar 30 15:36:57 GMT 2025","failed","Sun Mar 30 15:36:57 GMT 2025","","HYPERON-EXPERIMENTAL-SCRIPTS","HYPERON-EXPERIMENTAL-SCRIPTS",""
"","24","AND-OR-XOR-BACKTRACKING-254.11","","Sun Mar 30 15:42:36 GMT 2025","passed","Sun Mar 30 15:42:36 GMT 2025","","ISSUES","ISSUES",""
"","34","C1-GROUNDED-BASIC.09","","Sun Mar 30 15:36:57 GMT 2025","passed","Sun Mar 30 15:36:57 GMT 2025","","HYPERON-EXPERIMENTAL-SCRIPTS","HYPERON-EXPERIMENTAL-SCRIPTS",""
"","55","ORDERING-IF-IF2-FACTORIAL.10","","Sun Mar 30 15:43:42 GMT 2025","passed","Sun Mar 30 15:43:42 GMT 2025","","ORDERING","ORDERING",""
"","1000","hyperon-experimental_scripts.d5_auto_types","","Sun Mar 30 15:36:56 GMT 2025","passed","Sun Mar 30 15:36:57 GMT 2025","","WHOLE-TESTS","WHOLE-TESTS",""
"","3000","hyperon-experimental_scripts.g1_docs","","Sun Mar 30 15:36:56 GMT 2025","passed","Sun Mar 30 15:36:59 GMT 2025","","WHOLE-TESTS","WHOLE-TESTS",""
"","1","BCHAIN-COMP.02","","Sun Mar 30 15:42:14 GMT 2025","passed","Sun Mar 30 15:42:14 GMT 2025","","ANTI-REGRESSION","ANTI-REGRESSION",""
"","161","B4-NONDETERM.10","","Sun Mar 30 15:36:57 GMT 2025","passed","Sun Mar 30 15:36:57 GMT 2025","","HYPERON-EXPERIMENTAL-SCRIPTS","HYPERON-EXPERIMENTAL-SCRIPTS",""
"","1000","hyperon-experimental_scripts.b5_types_prelim","","Sun Mar 30 15:36:56 GMT 2025","passed","Sun Mar 30 15:36:57 GMT 2025","","WHOLE-TESTS","WHOLE-TESTS",""
"","1000","metta-morph_tests.let_superpose_list2","","Sun Mar 30 15:36:56 GMT 2025","passed","Sun Mar 30 15:36:57 GMT 2025","","WHOLE-TESTS","WHOLE-TESTS",""
"","33","B5-TYPES-PRELIM.16","","Sun Mar 30 15:36:57 GMT 2025","passed","Sun Mar 30 15:36:57 GMT 2025","","HYPERON-EXPERIMENTAL-SCRIPTS","HYPERON-EXPERIMENTAL-SCRIPTS",""
"","108","SEQUENTIAL-NESTED.11","","Sun Mar 30 15:39:32 GMT 2025","passed","Sun Mar 30 15:39:32 GMT 2025","","METTA-MORPH-TESTS","METTA-MORPH-TESTS",""
"","1","MATCH-EMPTY-SAME.04","","Sun Mar 30 15:39:32 GMT 2025","passed","Sun Mar 30 15:39:32 GMT 2025","","METTA-MORPH-TESTS","METTA-MORPH-TESTS",""
"","1000","issues.bug_206_several_unifies","","Sun Mar 30 15:36:56 GMT 2025","passed","Sun Mar 30 15:36:57 GMT 2025","","WHOLE-TESTS","WHOLE-TESTS",""
"","58","BUG-CAPTURE-199.01","","Sun Mar 30 15:43:10 GMT 2025","failed","Sun Mar 30 15:43:10 GMT 2025","","METTA-WAM-ISSUE-199","METTA-WAM-ISSUE-199",""
"","66","B5-TYPES-PRELIM.08","","Sun Mar 30 15:36:57 GMT 2025","failed","Sun Mar 30 15:36:57 GMT 2025","","HYPERON-EXPERIMENTAL-SCRIPTS","HYPERON-EXPERIMENTAL-SCRIPTS",""
"","10","MATCH-EMPTY-OR-VAR.01","","Sun Mar 30 15:39:32 GMT 2025","passed","Sun Mar 30 15:39:32 GMT 2025","","METTA-MORPH-TESTS","METTA-MORPH-TESTS",""
"","139","BOOLEAN-TWICE.06","","Sun Mar 30 15:39:32 GMT 2025","passed","Sun Mar 30 15:39:32 GMT 2025","","METTA-MORPH-TESTS","METTA-MORPH-TESTS",""
"","221","TEST-SPO-5000.01","","Sun Mar 30 15:42:41 GMT 2025","passed","Sun Mar 30 15:42:41 GMT 2025","","METTA-WAM-ISSUE-116","METTA-WAM-ISSUE-116",""
"","90","HYPERPOSE.01","","Sun Mar 30 15:39:32 GMT 2025","passed","Sun Mar 30 15:39:32 GMT 2025","","METTA-MORPH-TESTS","METTA-MORPH-TESTS",""
"","36","MATCH-EMPTY.07","","Sun Mar 30 15:39:32 GMT 2025","passed","Sun Mar 30 15:39:32 GMT 2025","","METTA-MORPH-TESTS","METTA-MORPH-TESTS",""
"","68","TYPES2.05","","Sun Mar 30 15:39:32 GMT 2025","passed","Sun Mar 30 15:39:32 GMT 2025","","METTA-MORPH-TESTS","METTA-MORPH-TESTS",""
"","47","SUPERPOSE-NESTED.02","","Sun Mar 30 15:39:32 GMT 2025","passed","Sun Mar 30 15:39:32 GMT 2025","","METTA-MORPH-TESTS","METTA-MORPH-TESTS",""
"","72","C1-GROUNDED-BASIC.06","","Sun Mar 30 15:36:57 GMT 2025","passed","Sun Mar 30 15:36:57 GMT 2025","","HYPERON-EXPERIMENTAL-SCRIPTS","HYPERON-EXPERIMENTAL-SCRIPTS",""
"","25","MATCH-SUPERPOSED-SPACES.02","","Sun Mar 30 15:39:32 GMT 2025","passed","Sun Mar 30 15:39:32 GMT 2025","","METTA-MORPH-TESTS","METTA-MORPH-TESTS",""
"","1000","metta-morph_tests.nested_parameters","","Sun Mar 30 15:36:56 GMT 2025","passed","Sun Mar 30 15:36:57 GMT 2025","","WHOLE-TESTS","WHOLE-TESTS",""
"","25","ORDERING-IF2-IF-FACTORIAL.03","","Sun Mar 30 15:43:42 GMT 2025","passed","Sun Mar 30 15:43:42 GMT 2025","","ORDERING","ORDERING",""
"","499","G1-DOCS.01","","Sun Mar 30 15:36:57 GMT 2025","passed","Sun Mar 30 15:36:57 GMT 2025","","HYPERON-EXPERIMENTAL-SCRIPTS","HYPERON-EXPERIMENTAL-SCRIPTS",""
"","53","SUPERCOLLAPSE.06","","Sun Mar 30 15:39:32 GMT 2025","passed","Sun Mar 30 15:39:32 GMT 2025","","METTA-MORPH-TESTS","METTA-MORPH-TESTS",""
"","47","AND-OR-XOR-BACKTRACKING-254.05","","Sun Mar 30 15:42:36 GMT 2025","passed","Sun Mar 30 15:42:36 GMT 2025","","ISSUES","ISSUES",""
"","34","BOOLEAN-TWICE.14","","Sun Mar 30 15:39:32 GMT 2025","passed","Sun Mar 30 15:39:32 GMT 2025","","METTA-MORPH-TESTS","METTA-MORPH-TESTS",""
"","100","SUPERPOSE-NESTED.01","","Sun Mar 30 15:39:32 GMT 2025","passed","Sun Mar 30 15:39:32 GMT 2025","","METTA-MORPH-TESTS","METTA-MORPH-TESTS",""
"","35","MATCH-VOID.08","","Sun Mar 30 15:39:32 GMT 2025","passed","Sun Mar 30 15:39:32 GMT 2025","","METTA-MORPH-TESTS","METTA-MORPH-TESTS",""
"","84","F1-MODULEA.01","","Sun Mar 30 15:36:57 GMT 2025","passed","Sun Mar 30 15:36:57 GMT 2025","","HYPERON-EXPERIMENTAL-SCRIPTS","HYPERON-EXPERIMENTAL-SCRIPTS",""
"","67","E2-STATES.03","","Sun Mar 30 15:36:57 GMT 2025","passed","Sun Mar 30 15:36:57 GMT 2025","","HYPERON-EXPERIMENTAL-SCRIPTS","HYPERON-EXPERIMENTAL-SCRIPTS",""
"","25","MATCH-EMPTY-SAME.08","","Sun Mar 30 15:39:32 GMT 2025","passed","Sun Mar 30 15:39:32 GMT 2025","","METTA-MORPH-TESTS","METTA-MORPH-TESTS",""
"","1000","metta-morph_tests.match_empty_or_var","","Sun Mar 30 15:36:56 GMT 2025","passed","Sun Mar 30 15:36:57 GMT 2025","","WHOLE-TESTS","WHOLE-TESTS",""
"","67","B1-EQUAL-CHAIN.06","","Sun Mar 30 15:36:57 GMT 2025","passed","Sun Mar 30 15:36:57 GMT 2025","","HYPERON-EXPERIMENTAL-SCRIPTS","HYPERON-EXPERIMENTAL-SCRIPTS",""
"","41000","metta-morph_tests.multifunction","","Sun Mar 30 15:36:56 GMT 2025","failed","Sun Mar 30 15:37:37 GMT 2025","","WHOLE-TESTS","WHOLE-TESTS",""
"","15","D4-TYPE-PROP-X2.07","","Sun Mar 30 15:36:57 GMT 2025","failed","Sun Mar 30 15:36:57 GMT 2025","","HYPERON-EXPERIMENTAL-SCRIPTS","HYPERON-EXPERIMENTAL-SCRIPTS",""
"","1000","metta-morph_tests.supercollapse","","Sun Mar 30 15:36:56 GMT 2025","passed","Sun Mar 30 15:36:57 GMT 2025","","WHOLE-TESTS","WHOLE-TESTS",""
"","2","BC-COMP.02","","Sun Mar 30 15:42:14 GMT 2025","passed","Sun Mar 30 15:42:14 GMT 2025","","ANTI-REGRESSION","ANTI-REGRESSION",""
"","2","B2-BACKCHAIN.03","","Sun Mar 30 15:36:57 GMT 2025","passed","Sun Mar 30 15:36:57 GMT 2025","","HYPERON-EXPERIMENTAL-SCRIPTS","HYPERON-EXPERIMENTAL-SCRIPTS",""
"","56","B5-TYPES-PRELIM.11","","Sun Mar 30 15:36:57 GMT 2025","failed","Sun Mar 30 15:36:57 GMT 2025","","HYPERON-EXPERIMENTAL-SCRIPTS","HYPERON-EXPERIMENTAL-SCRIPTS",""
"","7","MATCH-EMPTY.01","","Sun Mar 30 15:39:32 GMT 2025","passed","Sun Mar 30 15:39:32 GMT 2025","","METTA-MORPH-TESTS","METTA-MORPH-TESTS",""
"","22","D4-TYPE-PROP.07","","Sun Mar 30 15:36:57 GMT 2025","failed","Sun Mar 30 15:36:57 GMT 2025","","HYPERON-EXPERIMENTAL-SCRIPTS","HYPERON-EXPERIMENTAL-SCRIPTS",""
"","0","hyperon-experimental_scripts.b1_equal_chain","","Sun Mar 30 15:36:56 GMT 2025","passed","Sun Mar 30 15:36:56 GMT 2025","","WHOLE-TESTS","WHOLE-TESTS",""
"","36","C2-SPACES.03","","Sun Mar 30 15:36:57 GMT 2025","passed","Sun Mar 30 15:36:57 GMT 2025","","HYPERON-EXPERIMENTAL-SCRIPTS","HYPERON-EXPERIMENTAL-SCRIPTS",""
"","1000","metta-morph_tests.if","","Sun Mar 30 15:36:56 GMT 2025","passed","Sun Mar 30 15:36:57 GMT 2025","","WHOLE-TESTS","WHOLE-TESTS",""
"","1000","anti-regression.bchain","","Sun Mar 30 15:36:56 GMT 2025","passed","Sun Mar 30 15:36:57 GMT 2025","","WHOLE-TESTS","WHOLE-TESTS",""
"","21","D2-HIGHERFUNC.07","","Sun Mar 30 15:36:57 GMT 2025","failed","Sun Mar 30 15:36:57 GMT 2025","","HYPERON-EXPERIMENTAL-SCRIPTS","HYPERON-EXPERIMENTAL-SCRIPTS",""
"","1000","metta-morph_tests.types2","","Sun Mar 30 15:36:56 GMT 2025","passed","Sun Mar 30 15:36:57 GMT 2025","","WHOLE-TESTS","WHOLE-TESTS",""
"","34","ORDERING-IF-IF2-FACTORIAL.02","","Sun Mar 30 15:43:42 GMT 2025","passed","Sun Mar 30 15:43:42 GMT 2025","","ORDERING","ORDERING",""
"","33","C1-GROUNDED-BASIC.13","","Sun Mar 30 15:36:57 GMT 2025","passed","Sun Mar 30 15:36:57 GMT 2025","","HYPERON-EXPERIMENTAL-SCRIPTS","HYPERON-EXPERIMENTAL-SCRIPTS",""
"","20","D1-GADT.04","","Sun Mar 30 15:36:57 GMT 2025","failed","Sun Mar 30 15:36:57 GMT 2025","","HYPERON-EXPERIMENTAL-SCRIPTS","HYPERON-EXPERIMENTAL-SCRIPTS",""
"","25","C1-GROUNDED-BASIC.22","","Sun Mar 30 15:36:57 GMT 2025","passed","Sun Mar 30 15:36:57 GMT 2025","","HYPERON-EXPERIMENTAL-SCRIPTS","HYPERON-EXPERIMENTAL-SCRIPTS",""
"","142","E2-STATES.02","","Sun Mar 30 15:36:57 GMT 2025","passed","Sun Mar 30 15:36:57 GMT 2025","","HYPERON-EXPERIMENTAL-SCRIPTS","HYPERON-EXPERIMENTAL-SCRIPTS",""
"","69","SEQUENTIAL-NESTED.04","","Sun Mar 30 15:39:32 GMT 2025","passed","Sun Mar 30 15:39:32 GMT 2025","","METTA-MORPH-TESTS","METTA-MORPH-TESTS",""
"","1000","metta-morph_tests.states_spaces","","Sun Mar 30 15:36:56 GMT 2025","passed","Sun Mar 30 15:36:57 GMT 2025","","WHOLE-TESTS","WHOLE-TESTS",""
"","32","D4-TYPE-PROP-X2.05","","Sun Mar 30 15:36:57 GMT 2025","passed","Sun Mar 30 15:36:57 GMT 2025","","HYPERON-EXPERIMENTAL-SCRIPTS","HYPERON-EXPERIMENTAL-SCRIPTS",""
"","87","E1-KB-WRITE.02","","Sun Mar 30 15:36:57 GMT 2025","passed","Sun Mar 30 15:36:57 GMT 2025","","HYPERON-EXPERIMENTAL-SCRIPTS","HYPERON-EXPERIMENTAL-SCRIPTS",""
"","163","BCHAIN.01","","Sun Mar 30 15:42:14 GMT 2025","passed","Sun Mar 30 15:42:14 GMT 2025","","ANTI-REGRESSION","ANTI-REGRESSION",""
"","34","BUG-206-SEVERAL-UNIFIES.02","","Sun Mar 30 15:42:36 GMT 2025","passed","Sun Mar 30 15:42:36 GMT 2025","","ISSUES","ISSUES",""
"","71","D3-DEPTYPES.05","","Sun Mar 30 15:36:57 GMT 2025","passed","Sun Mar 30 15:36:57 GMT 2025","","HYPERON-EXPERIMENTAL-SCRIPTS","HYPERON-EXPERIMENTAL-SCRIPTS",""
"","90","C2-SPACES.05","","Sun Mar 30 15:36:57 GMT 2025","passed","Sun Mar 30 15:36:57 GMT 2025","","HYPERON-EXPERIMENTAL-SCRIPTS","HYPERON-EXPERIMENTAL-SCRIPTS",""
"","63","HYPERPOSE.04","","Sun Mar 30 15:39:32 GMT 2025","passed","Sun Mar 30 15:39:32 GMT 2025","","METTA-MORPH-TESTS","METTA-MORPH-TESTS",""
"","24","BUG-254-AND-OR-XOR-BACKTRACKING-254.17","","Sun Mar 30 15:42:36 GMT 2025","passed","Sun Mar 30 15:42:36 GMT 2025","","ISSUES","ISSUES",""
"","36","E2-STATES.09","","Sun Mar 30 15:36:57 GMT 2025","passed","Sun Mar 30 15:36:57 GMT 2025","","HYPERON-EXPERIMENTAL-SCRIPTS","HYPERON-EXPERIMENTAL-SCRIPTS",""
"","82","B5-TYPES-PRELIM.14","","Sun Mar 30 15:36:57 GMT 2025","failed","Sun Mar 30 15:36:57 GMT 2025","","HYPERON-EXPERIMENTAL-SCRIPTS","HYPERON-EXPERIMENTAL-SCRIPTS",""
"","33","D2-HIGHERFUNC.04","","Sun Mar 30 15:36:57 GMT 2025","passed","Sun Mar 30 15:36:57 GMT 2025","","HYPERON-EXPERIMENTAL-SCRIPTS","HYPERON-EXPERIMENTAL-SCRIPTS",""
"","1000","metta-wam-issue-116.test_spo_100","","Sun Mar 30 15:36:56 GMT 2025","passed","Sun Mar 30 15:36:57 GMT 2025","","WHOLE-TESTS","WHOLE-TESTS",""
"","25","MATCH-VOID.05","","Sun Mar 30 15:39:32 GMT 2025","passed","Sun Mar 30 15:39:32 GMT 2025","","METTA-MORPH-TESTS","METTA-MORPH-TESTS",""
"","126","TEST-SPO-100.01","","Sun Mar 30 15:42:41 GMT 2025","passed","Sun Mar 30 15:42:41 GMT 2025","","METTA-WAM-ISSUE-116","METTA-WAM-ISSUE-116",""
"","46","AND-OR-XOR-BACKTRACKING-254.19","","Sun Mar 30 15:42:36 GMT 2025","passed","Sun Mar 30 15:42:36 GMT 2025","","ISSUES","ISSUES",""
"","54","BUG-254-AND-OR-XOR-BACKTRACKING-254.04","","Sun Mar 30 15:42:36 GMT 2025","passed","Sun Mar 30 15:42:36 GMT 2025","","ISSUES","ISSUES",""
"","34","STATES-SPACES.02","","Sun Mar 30 15:39:32 GMT 2025","passed","Sun Mar 30 15:39:32 GMT 2025","","METTA-MORPH-TESTS","METTA-MORPH-TESTS",""
"","33","TEST-IF-CLOSED.04","","Sun Mar 30 15:42:14 GMT 2025","passed","Sun Mar 30 15:42:14 GMT 2025","","ANTI-REGRESSION","ANTI-REGRESSION",""
"","133","D2-HIGHERFUNC.19","","Sun Mar 30 15:36:57 GMT 2025","passed","Sun Mar 30 15:36:57 GMT 2025","","HYPERON-EXPERIMENTAL-SCRIPTS","HYPERON-EXPERIMENTAL-SCRIPTS",""
"","33","D1-GADT.06","","Sun Mar 30 15:36:57 GMT 2025","passed","Sun Mar 30 15:36:57 GMT 2025","","HYPERON-EXPERIMENTAL-SCRIPTS","HYPERON-EXPERIMENTAL-SCRIPTS",""
"","35","B2-BACKCHAIN.04","","Sun Mar 30 15:36:57 GMT 2025","passed","Sun Mar 30 15:36:57 GMT 2025","","HYPERON-EXPERIMENTAL-SCRIPTS","HYPERON-EXPERIMENTAL-SCRIPTS",""
"","88","B3-DIRECT.01","","Sun Mar 30 15:36:57 GMT 2025","passed","Sun Mar 30 15:36:57 GMT 2025","","HYPERON-EXPERIMENTAL-SCRIPTS","HYPERON-EXPERIMENTAL-SCRIPTS",""
"","12","MATCH-EMPTY-SAME.01","","Sun Mar 30 15:39:32 GMT 2025","passed","Sun Mar 30 15:39:32 GMT 2025","","METTA-MORPH-TESTS","METTA-MORPH-TESTS",""
"","178","BCHAIN.03","","Sun Mar 30 15:42:14 GMT 2025","passed","Sun Mar 30 15:42:14 GMT 2025","","ANTI-REGRESSION","ANTI-REGRESSION",""
"","155","BUG-206-SEVERAL-UNIFIES.01","","Sun Mar 30 15:42:36 GMT 2025","passed","Sun Mar 30 15:42:36 GMT 2025","","ISSUES","ISSUES",""
"","25","C1-GROUNDED-BASIC.21","","Sun Mar 30 15:36:57 GMT 2025","passed","Sun Mar 30 15:36:57 GMT 2025","","HYPERON-EXPERIMENTAL-SCRIPTS","HYPERON-EXPERIMENTAL-SCRIPTS",""
"","125","D5-AUTO-TYPES.01","","Sun Mar 30 15:36:57 GMT 2025","failed","Sun Mar 30 15:36:57 GMT 2025","","HYPERON-EXPERIMENTAL-SCRIPTS","HYPERON-EXPERIMENTAL-SCRIPTS",""
"","1000","metta-morph_tests.match_empty_same","","Sun Mar 30 15:36:56 GMT 2025","passed","Sun Mar 30 15:36:57 GMT 2025","","WHOLE-TESTS","WHOLE-TESTS",""
"","2000","anti-regression.tmpMatch2","","Sun Mar 30 15:36:56 GMT 2025","passed","Sun Mar 30 15:36:58 GMT 2025","","WHOLE-TESTS","WHOLE-TESTS",""
"","87","B1-EQUAL-CHAIN.03","","Sun Mar 30 15:36:57 GMT 2025","passed","Sun Mar 30 15:36:57 GMT 2025","","HYPERON-EXPERIMENTAL-SCRIPTS","HYPERON-EXPERIMENTAL-SCRIPTS",""
"","33","D2-HIGHERFUNC.12","","Sun Mar 30 15:36:57 GMT 2025","passed","Sun Mar 30 15:36:57 GMT 2025","","HYPERON-EXPERIMENTAL-SCRIPTS","HYPERON-EXPERIMENTAL-SCRIPTS",""
"","1000","hyperon-experimental_scripts.e1_kb_write","","Sun Mar 30 15:36:56 GMT 2025","passed","Sun Mar 30 15:36:57 GMT 2025","","WHOLE-TESTS","WHOLE-TESTS",""
"","99","SEQUENTIAL-NESTED.01","","Sun Mar 30 15:39:32 GMT 2025","passed","Sun Mar 30 15:39:32 GMT 2025","","METTA-MORPH-TESTS","METTA-MORPH-TESTS",""
"","105","B0-CHAINING-PRELIM.05","","Sun Mar 30 15:36:57 GMT 2025","passed","Sun Mar 30 15:36:57 GMT 2025","","HYPERON-EXPERIMENTAL-SCRIPTS","HYPERON-EXPERIMENTAL-SCRIPTS",""
"","1","C2-SPACES.02","","Sun Mar 30 15:36:57 GMT 2025","passed","Sun Mar 30 15:36:57 GMT 2025","","HYPERON-EXPERIMENTAL-SCRIPTS","HYPERON-EXPERIMENTAL-SCRIPTS",""
"","1000","anti-regression.bchain_comp","","Sun Mar 30 15:36:56 GMT 2025","passed","Sun Mar 30 15:36:57 GMT 2025","","WHOLE-TESTS","WHOLE-TESTS",""
"","15000","ordering.ordering_if2_if_factorial","","Sun Mar 30 15:36:56 GMT 2025","failed","Sun Mar 30 15:37:11 GMT 2025","","WHOLE-TESTS","WHOLE-TESTS",""
"","30","TEST-IF-CLOSED.11","","Sun Mar 30 15:42:14 GMT 2025","passed","Sun Mar 30 15:42:14 GMT 2025","","ANTI-REGRESSION","ANTI-REGRESSION",""
"","129","BOOLEAN-TWICE.05","","Sun Mar 30 15:39:32 GMT 2025","passed","Sun Mar 30 15:39:32 GMT 2025","","METTA-MORPH-TESTS","METTA-MORPH-TESTS",""
"","25","ZEROARGS.02","","Sun Mar 30 15:39:32 GMT 2025","passed","Sun Mar 30 15:39:32 GMT 2025","","METTA-MORPH-TESTS","METTA-MORPH-TESTS",""
"","33","F1-MODULEA.02","","Sun Mar 30 15:36:57 GMT 2025","passed","Sun Mar 30 15:36:57 GMT 2025","","HYPERON-EXPERIMENTAL-SCRIPTS","HYPERON-EXPERIMENTAL-SCRIPTS",""
"","46","BUG-254-AND-OR-XOR-BACKTRACKING-254.12","","Sun Mar 30 15:42:36 GMT 2025","passed","Sun Mar 30 15:42:36 GMT 2025","","ISSUES","ISSUES",""
"","16","D2-HIGHERFUNC.22","","Sun Mar 30 15:36:57 GMT 2025","failed","Sun Mar 30 15:36:57 GMT 2025","","HYPERON-EXPERIMENTAL-SCRIPTS","HYPERON-EXPERIMENTAL-SCRIPTS",""
"","34","D2-HIGHERFUNC.13","","Sun Mar 30 15:36:57 GMT 2025","passed","Sun Mar 30 15:36:57 GMT 2025","","HYPERON-EXPERIMENTAL-SCRIPTS","HYPERON-EXPERIMENTAL-SCRIPTS",""
"","44","E1-KB-WRITE.01","","Sun Mar 30 15:36:57 GMT 2025","passed","Sun Mar 30 15:36:57 GMT 2025","","HYPERON-EXPERIMENTAL-SCRIPTS","HYPERON-EXPERIMENTAL-SCRIPTS",""
"","1000","hyperon-experimental_scripts.d1_gadt","","Sun Mar 30 15:36:56 GMT 2025","passed","Sun Mar 30 15:36:57 GMT 2025","","WHOLE-TESTS","WHOLE-TESTS",""
"","115","SUPERCOLLAPSE.01","","Sun Mar 30 15:39:32 GMT 2025","passed","Sun Mar 30 15:39:32 GMT 2025","","METTA-MORPH-TESTS","METTA-MORPH-TESTS",""
"","1000","hyperon-experimental_scripts.c1_grounded_basic","","Sun Mar 30 15:36:56 GMT 2025","passed","Sun Mar 30 15:36:57 GMT 2025","","WHOLE-TESTS","WHOLE-TESTS",""
"","80","B5-TYPES-PRELIM.15","","Sun Mar 30 15:36:57 GMT 2025","failed","Sun Mar 30 15:36:57 GMT 2025","","HYPERON-EXPERIMENTAL-SCRIPTS","HYPERON-EXPERIMENTAL-SCRIPTS",""
"","34","MATCH-EMPTY-OR-VAR.05","","Sun Mar 30 15:39:32 GMT 2025","passed","Sun Mar 30 15:39:32 GMT 2025","","METTA-MORPH-TESTS","METTA-MORPH-TESTS",""
"","36","METTALOGTESTCURRIED2.01","","Sun Mar 30 15:42:14 GMT 2025","passed","Sun Mar 30 15:42:14 GMT 2025","","ANTI-REGRESSION","ANTI-REGRESSION",""
"","25","HYPERPOSE.02","","Sun Mar 30 15:39:32 GMT 2025","passed","Sun Mar 30 15:39:32 GMT 2025","","METTA-MORPH-TESTS","METTA-MORPH-TESTS",""
"","33","BOOLEAN-TWICE.13","","Sun Mar 30 15:39:32 GMT 2025","passed","Sun Mar 30 15:39:32 GMT 2025","","METTA-MORPH-TESTS","METTA-MORPH-TESTS",""
"","89","TYPES3.01","","Sun Mar 30 15:39:32 GMT 2025","passed","Sun Mar 30 15:39:32 GMT 2025","","METTA-MORPH-TESTS","METTA-MORPH-TESTS",""
"","25","B5-TYPES-PRELIM.22","","Sun Mar 30 15:36:57 GMT 2025","passed","Sun Mar 30 15:36:57 GMT 2025","","HYPERON-EXPERIMENTAL-SCRIPTS","HYPERON-EXPERIMENTAL-SCRIPTS",""
"","143","BOOLEAN-TWICE.08","","Sun Mar 30 15:39:32 GMT 2025","passed","Sun Mar 30 15:39:32 GMT 2025","","METTA-MORPH-TESTS","METTA-MORPH-TESTS",""
"","56","ORDERING-IF2-IF-FACTORIAL.13","","Sun Mar 30 15:43:42 GMT 2025","passed","Sun Mar 30 15:43:42 GMT 2025","","ORDERING","ORDERING",""
"","37","MATCH-EMPTY-OR-VAR.03","","Sun Mar 30 15:39:32 GMT 2025","passed","Sun Mar 30 15:39:32 GMT 2025","","METTA-MORPH-TESTS","METTA-MORPH-TESTS",""
"","40","HYPERPOSE.09","","Sun Mar 30 15:39:32 GMT 2025","passed","Sun Mar 30 15:39:32 GMT 2025","","METTA-MORPH-TESTS","METTA-MORPH-TESTS",""
"","34","ORDERING-IF2-IF-FACTORIAL.02","","Sun Mar 30 15:43:42 GMT 2025","passed","Sun Mar 30 15:43:42 GMT 2025","","ORDERING","ORDERING",""
"","33","B5-TYPES-PRELIM.09","","Sun Mar 30 15:36:57 GMT 2025","passed","Sun Mar 30 15:36:57 GMT 2025","","HYPERON-EXPERIMENTAL-SCRIPTS","HYPERON-EXPERIMENTAL-SCRIPTS",""
"","22","D4-TYPE-PROP.08","","Sun Mar 30 15:36:57 GMT 2025","failed","Sun Mar 30 15:36:57 GMT 2025","","HYPERON-EXPERIMENTAL-SCRIPTS","HYPERON-EXPERIMENTAL-SCRIPTS",""
"","35","D4-TYPE-PROP-X2.04","","Sun Mar 30 15:36:57 GMT 2025","passed","Sun Mar 30 15:36:57 GMT 2025","","HYPERON-EXPERIMENTAL-SCRIPTS","HYPERON-EXPERIMENTAL-SCRIPTS",""
"","120","B1-EQUAL-CHAIN.04","","Sun Mar 30 15:36:57 GMT 2025","passed","Sun Mar 30 15:36:57 GMT 2025","","HYPERON-EXPERIMENTAL-SCRIPTS","HYPERON-EXPERIMENTAL-SCRIPTS",""
"","36","MATCH-VOID.03","","Sun Mar 30 15:39:32 GMT 2025","failed","Sun Mar 30 15:39:32 GMT 2025","","METTA-MORPH-TESTS","METTA-MORPH-TESTS",""
"","57","SEQUENTIAL-NESTED.02","","Sun Mar 30 15:39:32 GMT 2025","passed","Sun Mar 30 15:39:32 GMT 2025","","METTA-MORPH-TESTS","METTA-MORPH-TESTS",""
"","76","D3-DEPTYPES.03","","Sun Mar 30 15:36:57 GMT 2025","passed","Sun Mar 30 15:36:57 GMT 2025","","HYPERON-EXPERIMENTAL-SCRIPTS","HYPERON-EXPERIMENTAL-SCRIPTS",""
"","96","F1-MODULEA.01","","Sun Mar 30 15:36:55 GMT 2025","passed","Sun Mar 30 15:36:55 GMT 2025","","MODULE-SYSTEM","MODULE-SYSTEM",""
"","124","A3-TWOSIDE.03","","Sun Mar 30 15:36:57 GMT 2025","passed","Sun Mar 30 15:36:57 GMT 2025","","HYPERON-EXPERIMENTAL-SCRIPTS","HYPERON-EXPERIMENTAL-SCRIPTS",""
"","1000","metta-morph_tests.let_superpose_if_case","","Sun Mar 30 15:36:56 GMT 2025","passed","Sun Mar 30 15:36:57 GMT 2025","","WHOLE-TESTS","WHOLE-TESTS",""
"","49","AND-OR-XOR-BACKTRACKING-254.06","","Sun Mar 30 15:42:36 GMT 2025","passed","Sun Mar 30 15:42:36 GMT 2025","","ISSUES","ISSUES",""
"","34","BUG-254-AND-OR-XOR-BACKTRACKING-254.09","","Sun Mar 30 15:42:36 GMT 2025","passed","Sun Mar 30 15:42:36 GMT 2025","","ISSUES","ISSUES",""
"","119","C2-SPACES.01","","Sun Mar 30 15:36:57 GMT 2025","passed","Sun Mar 30 15:36:57 GMT 2025","","HYPERON-EXPERIMENTAL-SCRIPTS","HYPERON-EXPERIMENTAL-SCRIPTS",""
"","46","B4-NONDETERM.06","","Sun Mar 30 15:36:57 GMT 2025","passed","Sun Mar 30 15:36:57 GMT 2025","","HYPERON-EXPERIMENTAL-SCRIPTS","HYPERON-EXPERIMENTAL-SCRIPTS",""
"","63","B5-TYPES-PRELIM.06","","Sun Mar 30 15:36:57 GMT 2025","passed","Sun Mar 30 15:36:57 GMT 2025","","HYPERON-EXPERIMENTAL-SCRIPTS","HYPERON-EXPERIMENTAL-SCRIPTS",""
"","41000","hyperon-experimental_scripts.d4_type_prop","","Sun Mar 30 15:36:56 GMT 2025","failed","Sun Mar 30 15:37:37 GMT 2025","","WHOLE-TESTS","WHOLE-TESTS",""
"","41","HYPERPOSE.07","","Sun Mar 30 15:39:32 GMT 2025","passed","Sun Mar 30 15:39:32 GMT 2025","","METTA-MORPH-TESTS","METTA-MORPH-TESTS",""
"","54","ORDERING-IF2-IF-FACTORIAL.11","","Sun Mar 30 15:43:42 GMT 2025","passed","Sun Mar 30 15:43:42 GMT 2025","","ORDERING","ORDERING",""
"","45","D1-GADT.12","","Sun Mar 30 15:36:57 GMT 2025","passed","Sun Mar 30 15:36:57 GMT 2025","","HYPERON-EXPERIMENTAL-SCRIPTS","HYPERON-EXPERIMENTAL-SCRIPTS",""
"","31","BUG-254-AND-OR-XOR-BACKTRACKING-254.14","","Sun Mar 30 15:42:36 GMT 2025","passed","Sun Mar 30 15:42:36 GMT 2025","","ISSUES","ISSUES",""
"","81","B1-EQUAL-CHAIN.01","","Sun Mar 30 15:36:57 GMT 2025","passed","Sun Mar 30 15:36:57 GMT 2025","","HYPERON-EXPERIMENTAL-SCRIPTS","HYPERON-EXPERIMENTAL-SCRIPTS",""
"","74","D2-HIGHERFUNC.15","","Sun Mar 30 15:36:57 GMT 2025","passed","Sun Mar 30 15:36:57 GMT 2025","","HYPERON-EXPERIMENTAL-SCRIPTS","HYPERON-EXPERIMENTAL-SCRIPTS",""
"","42","HYPERPOSE.05","","Sun Mar 30 15:39:32 GMT 2025","passed","Sun Mar 30 15:39:32 GMT 2025","","METTA-MORPH-TESTS","METTA-MORPH-TESTS",""
"","140","D2-HIGHERFUNC.27","","Sun Mar 30 15:36:57 GMT 2025","passed","Sun Mar 30 15:36:57 GMT 2025","","HYPERON-EXPERIMENTAL-SCRIPTS","HYPERON-EXPERIMENTAL-SCRIPTS",""
"","105","E2-STATES.12","","Sun Mar 30 15:36:57 GMT 2025","passed","Sun Mar 30 15:36:57 GMT 2025","","HYPERON-EXPERIMENTAL-SCRIPTS","HYPERON-EXPERIMENTAL-SCRIPTS",""
"","49","EQUALSIGN-T.06","","Sun Mar 30 15:42:14 GMT 2025","passed","Sun Mar 30 15:42:14 GMT 2025","","ANTI-REGRESSION","ANTI-REGRESSION",""
"","200","BC-COMP.03","","Sun Mar 30 15:42:14 GMT 2025","passed","Sun Mar 30 15:42:14 GMT 2025","","ANTI-REGRESSION","ANTI-REGRESSION",""
"","0","metta-morph_tests.add_atom_match","","Sun Mar 30 15:36:56 GMT 2025","passed","Sun Mar 30 15:36:56 GMT 2025","","WHOLE-TESTS","WHOLE-TESTS",""
"","87","D5-AUTO-TYPES.03","","Sun Mar 30 15:36:57 GMT 2025","failed","Sun Mar 30 15:36:57 GMT 2025","","HYPERON-EXPERIMENTAL-SCRIPTS","HYPERON-EXPERIMENTAL-SCRIPTS",""
"","175","A1-SYMBOLS.02","","Sun Mar 30 15:36:57 GMT 2025","passed","Sun Mar 30 15:36:57 GMT 2025","","HYPERON-EXPERIMENTAL-SCRIPTS","HYPERON-EXPERIMENTAL-SCRIPTS",""
"","1000","metta-morph_tests.letlet","","Sun Mar 30 15:36:56 GMT 2025","passed","Sun Mar 30 15:36:57 GMT 2025","","WHOLE-TESTS","WHOLE-TESTS",""
"","35","C1-GROUNDED-BASIC.20","","Sun Mar 30 15:36:57 GMT 2025","passed","Sun Mar 30 15:36:57 GMT 2025","","HYPERON-EXPERIMENTAL-SCRIPTS","HYPERON-EXPERIMENTAL-SCRIPTS",""
"","55","A1-SYMBOLS.07","","Sun Mar 30 15:36:57 GMT 2025","passed","Sun Mar 30 15:36:57 GMT 2025","","HYPERON-EXPERIMENTAL-SCRIPTS","HYPERON-EXPERIMENTAL-SCRIPTS",""
"","215","EQUALSIGN-T.02","","Sun Mar 30 15:42:14 GMT 2025","passed","Sun Mar 30 15:42:14 GMT 2025","","ANTI-REGRESSION","ANTI-REGRESSION",""
"","177","B4-NONDETERM.07","","Sun Mar 30 15:36:57 GMT 2025","passed","Sun Mar 30 15:36:57 GMT 2025","","HYPERON-EXPERIMENTAL-SCRIPTS","HYPERON-EXPERIMENTAL-SCRIPTS",""
"","73","C1-GROUNDED-BASIC.14","","Sun Mar 30 15:36:57 GMT 2025","failed","Sun Mar 30 15:36:57 GMT 2025","","HYPERON-EXPERIMENTAL-SCRIPTS","HYPERON-EXPERIMENTAL-SCRIPTS",""
"","52","ORDERING-IF-IF2-FACTORIAL.09","","Sun Mar 30 15:43:42 GMT 2025","passed","Sun Mar 30 15:43:42 GMT 2025","","ORDERING","ORDERING",""
"","26","D4-TYPE-PROP-X2.11","","Sun Mar 30 15:36:57 GMT 2025","passed","Sun Mar 30 15:36:57 GMT 2025","","HYPERON-EXPERIMENTAL-SCRIPTS","HYPERON-EXPERIMENTAL-SCRIPTS",""
"","40","AND-OR-XOR-BACKTRACKING-254.07","","Sun Mar 30 15:42:36 GMT 2025","passed","Sun Mar 30 15:42:36 GMT 2025","","ISSUES","ISSUES",""
"","34","MATCH-EMPTY-OR-VAR.04","","Sun Mar 30 15:39:32 GMT 2025","passed","Sun Mar 30 15:39:32 GMT 2025","","METTA-MORPH-TESTS","METTA-MORPH-TESTS",""
"","165","LET-SUPERPOSE-IF-CASE.01","","Sun Mar 30 15:39:32 GMT 2025","passed","Sun Mar 30 15:39:32 GMT 2025","","METTA-MORPH-TESTS","METTA-MORPH-TESTS",""
"","36","D1-GADT.09","","Sun Mar 30 15:36:57 GMT 2025","failed","Sun Mar 30 15:36:57 GMT 2025","","HYPERON-EXPERIMENTAL-SCRIPTS","HYPERON-EXPERIMENTAL-SCRIPTS",""
"","32","B5-TYPES-PRELIM.17","","Sun Mar 30 15:36:57 GMT 2025","passed","Sun Mar 30 15:36:57 GMT 2025","","HYPERON-EXPERIMENTAL-SCRIPTS","HYPERON-EXPERIMENTAL-SCRIPTS",""
"","25","AND-OR-XOR-BACKTRACKING-254.14","","Sun Mar 30 15:42:36 GMT 2025","passed","Sun Mar 30 15:42:36 GMT 2025","","ISSUES","ISSUES",""
"","41","C1-GROUNDED-BASIC.19","","Sun Mar 30 15:36:57 GMT 2025","passed","Sun Mar 30 15:36:57 GMT 2025","","HYPERON-EXPERIMENTAL-SCRIPTS","HYPERON-EXPERIMENTAL-SCRIPTS",""
"","1000","issues.bug_254_and_or_xor_backtracking_254","","Sun Mar 30 15:36:56 GMT 2025","passed","Sun Mar 30 15:36:57 GMT 2025","","WHOLE-TESTS","WHOLE-TESTS",""
"","1000","hyperon-experimental_scripts.c2_spaces","","Sun Mar 30 15:36:56 GMT 2025","passed","Sun Mar 30 15:36:57 GMT 2025","","WHOLE-TESTS","WHOLE-TESTS",""
"","1","MATCH-EMPTY.03","","Sun Mar 30 15:39:32 GMT 2025","passed","Sun Mar 30 15:39:32 GMT 2025","","METTA-MORPH-TESTS","METTA-MORPH-TESTS",""
"","33","BOOLEAN-TWICE.10","","Sun Mar 30 15:39:32 GMT 2025","passed","Sun Mar 30 15:39:32 GMT 2025","","METTA-MORPH-TESTS","METTA-MORPH-TESTS",""
"","34","MATCH-VOID.07","","Sun Mar 30 15:39:32 GMT 2025","passed","Sun Mar 30 15:39:32 GMT 2025","","METTA-MORPH-TESTS","METTA-MORPH-TESTS",""
"","93","SUPERCOLLAPSE.08","","Sun Mar 30 15:39:32 GMT 2025","passed","Sun Mar 30 15:39:32 GMT 2025","","METTA-MORPH-TESTS","METTA-MORPH-TESTS",""
"","37","E3-MATCH-STATES.05","","Sun Mar 30 15:36:57 GMT 2025","failed","Sun Mar 30 15:36:57 GMT 2025","","HYPERON-EXPERIMENTAL-SCRIPTS","HYPERON-EXPERIMENTAL-SCRIPTS",""
"","34","MATCH-EMPTY-OR-VAR.09","","Sun Mar 30 15:39:32 GMT 2025","passed","Sun Mar 30 15:39:32 GMT 2025","","METTA-MORPH-TESTS","METTA-MORPH-TESTS",""
"","35","HYPERPOSE.08","","Sun Mar 30 15:39:32 GMT 2025","passed","Sun Mar 30 15:39:32 GMT 2025","","METTA-MORPH-TESTS","METTA-MORPH-TESTS",""
"","33","D2-HIGHERFUNC.10","","Sun Mar 30 15:36:57 GMT 2025","passed","Sun Mar 30 15:36:57 GMT 2025","","HYPERON-EXPERIMENTAL-SCRIPTS","HYPERON-EXPERIMENTAL-SCRIPTS",""
"","33","B5-TYPES-PRELIM.19","","Sun Mar 30 15:36:57 GMT 2025","passed","Sun Mar 30 15:36:57 GMT 2025","","HYPERON-EXPERIMENTAL-SCRIPTS","HYPERON-EXPERIMENTAL-SCRIPTS",""
"","24","BUG-206-SEVERAL-UNIFIES.04","","Sun Mar 30 15:42:36 GMT 2025","passed","Sun Mar 30 15:42:36 GMT 2025","","ISSUES","ISSUES",""
"","32","C1-GROUNDED-BASIC.11","","Sun Mar 30 15:36:57 GMT 2025","passed","Sun Mar 30 15:36:57 GMT 2025","","HYPERON-EXPERIMENTAL-SCRIPTS","HYPERON-EXPERIMENTAL-SCRIPTS",""
"","15","D4-TYPE-PROP-X2.03","","Sun Mar 30 15:36:57 GMT 2025","failed","Sun Mar 30 15:36:57 GMT 2025","","HYPERON-EXPERIMENTAL-SCRIPTS","HYPERON-EXPERIMENTAL-SCRIPTS",""
"","90","TYPES2.01","","Sun Mar 30 15:39:32 GMT 2025","passed","Sun Mar 30 15:39:32 GMT 2025","","METTA-MORPH-TESTS","METTA-MORPH-TESTS",""
"","35","D1-GADT.08","","Sun Mar 30 15:36:57 GMT 2025","passed","Sun Mar 30 15:36:57 GMT 2025","","HYPERON-EXPERIMENTAL-SCRIPTS","HYPERON-EXPERIMENTAL-SCRIPTS",""
"","1000","hyperon-experimental_scripts.e2_states","","Sun Mar 30 15:36:56 GMT 2025","passed","Sun Mar 30 15:36:57 GMT 2025","","WHOLE-TESTS","WHOLE-TESTS",""
"","1000","metta-morph_tests.match_void","","Sun Mar 30 15:36:56 GMT 2025","passed","Sun Mar 30 15:36:57 GMT 2025","","WHOLE-TESTS","WHOLE-TESTS",""
"","82","MATCH-SUPERPOSED-SPACES.01","","Sun Mar 30 15:39:32 GMT 2025","passed","Sun Mar 30 15:39:32 GMT 2025","","METTA-MORPH-TESTS","METTA-MORPH-TESTS",""
"","119","LET-SUPERPOSE-IF-CASE.02","","Sun Mar 30 15:39:32 GMT 2025","passed","Sun Mar 30 15:39:32 GMT 2025","","METTA-MORPH-TESTS","METTA-MORPH-TESTS",""
"","34","BUG-254-AND-OR-XOR-BACKTRACKING-254.10","","Sun Mar 30 15:42:36 GMT 2025","passed","Sun Mar 30 15:42:36 GMT 2025","","ISSUES","ISSUES",""
"","35","ORDERING-IF-IF2-FACTORIAL.03","","Sun Mar 30 15:43:42 GMT 2025","passed","Sun Mar 30 15:43:42 GMT 2025","","ORDERING","ORDERING",""
"","7","MATCH-VOID.01","","Sun Mar 30 15:39:32 GMT 2025","passed","Sun Mar 30 15:39:32 GMT 2025","","METTA-MORPH-TESTS","METTA-MORPH-TESTS",""
"","24","TYPES2.03","","Sun Mar 30 15:39:32 GMT 2025","passed","Sun Mar 30 15:39:32 GMT 2025","","METTA-MORPH-TESTS","METTA-MORPH-TESTS",""
"","172","D2-HIGHERFUNC.01","","Sun Mar 30 15:36:57 GMT 2025","passed","Sun Mar 30 15:36:57 GMT 2025","","HYPERON-EXPERIMENTAL-SCRIPTS","HYPERON-EXPERIMENTAL-SCRIPTS",""
"","43","C1-GROUNDED-BASIC.18","","Sun Mar 30 15:36:57 GMT 2025","passed","Sun Mar 30 15:36:57 GMT 2025","","HYPERON-EXPERIMENTAL-SCRIPTS","HYPERON-EXPERIMENTAL-SCRIPTS",""
"","134","B0-CHAINING-PRELIM.04","","Sun Mar 30 15:36:57 GMT 2025","passed","Sun Mar 30 15:36:57 GMT 2025","","HYPERON-EXPERIMENTAL-SCRIPTS","HYPERON-EXPERIMENTAL-SCRIPTS",""
"","186","BCHAIN-COMP.03","","Sun Mar 30 15:42:14 GMT 2025","passed","Sun Mar 30 15:42:14 GMT 2025","","ANTI-REGRESSION","ANTI-REGRESSION",""
"","48","D4-TYPE-PROP.11","","Sun Mar 30 15:36:57 GMT 2025","passed","Sun Mar 30 15:36:57 GMT 2025","","HYPERON-EXPERIMENTAL-SCRIPTS","HYPERON-EXPERIMENTAL-SCRIPTS",""
"","25","MATCH-VOID.04","","Sun Mar 30 15:39:32 GMT 2025","failed","Sun Mar 30 15:39:32 GMT 2025","","METTA-MORPH-TESTS","METTA-MORPH-TESTS",""
"","1000","metta-morph_tests.types3","","Sun Mar 30 15:36:56 GMT 2025","passed","Sun Mar 30 15:36:57 GMT 2025","","WHOLE-TESTS","WHOLE-TESTS",""
"","97","B2-BACKCHAIN.01","","Sun Mar 30 15:36:57 GMT 2025","passed","Sun Mar 30 15:36:57 GMT 2025","","HYPERON-EXPERIMENTAL-SCRIPTS","HYPERON-EXPERIMENTAL-SCRIPTS",""
"","24","MATCH-VOID.06","","Sun Mar 30 15:39:32 GMT 2025","passed","Sun Mar 30 15:39:32 GMT 2025","","METTA-MORPH-TESTS","METTA-MORPH-TESTS",""
"","33","BOOLEAN-TWICE.15","","Sun Mar 30 15:39:32 GMT 2025","passed","Sun Mar 30 15:39:32 GMT 2025","","METTA-MORPH-TESTS","METTA-MORPH-TESTS",""
"","33","ORDERING-IF2-IF-FACTORIAL.06","","Sun Mar 30 15:43:42 GMT 2025","passed","Sun Mar 30 15:43:42 GMT 2025","","ORDERING","ORDERING",""
"","34","MATCH-EMPTY-OR-VAR.08","","Sun Mar 30 15:39:32 GMT 2025","passed","Sun Mar 30 15:39:32 GMT 2025","","METTA-MORPH-TESTS","METTA-MORPH-TESTS",""
"","2","MATCH-EMPTY.04","","Sun Mar 30 15:39:32 GMT 2025","passed","Sun Mar 30 15:39:32 GMT 2025","","METTA-MORPH-TESTS","METTA-MORPH-TESTS",""
"","70","ORDERING-IF2-IF-FACTORIAL.10","","Sun Mar 30 15:43:42 GMT 2025","passed","Sun Mar 30 15:43:42 GMT 2025","","ORDERING","ORDERING",""
"","25","BUG-206-SEVERAL-UNIFIES.08","","Sun Mar 30 15:42:36 GMT 2025","passed","Sun Mar 30 15:42:36 GMT 2025","","ISSUES","ISSUES",""
"","33","C1-GROUNDED-BASIC.17","","Sun Mar 30 15:36:57 GMT 2025","passed","Sun Mar 30 15:36:57 GMT 2025","","HYPERON-EXPERIMENTAL-SCRIPTS","HYPERON-EXPERIMENTAL-SCRIPTS",""
"","22","B4-NONDETERM.02","","Sun Mar 30 15:36:57 GMT 2025","passed","Sun Mar 30 15:36:57 GMT 2025","","HYPERON-EXPERIMENTAL-SCRIPTS","HYPERON-EXPERIMENTAL-SCRIPTS",""
"","117","B4-NONDETERM.01","","Sun Mar 30 15:36:57 GMT 2025","passed","Sun Mar 30 15:36:57 GMT 2025","","HYPERON-EXPERIMENTAL-SCRIPTS","HYPERON-EXPERIMENTAL-SCRIPTS",""
"","35","BUG-206-SEVERAL-UNIFIES.03","","Sun Mar 30 15:42:36 GMT 2025","passed","Sun Mar 30 15:42:36 GMT 2025","","ISSUES","ISSUES",""
"","24","B5-TYPES-PRELIM.26","","Sun Mar 30 15:36:57 GMT 2025","passed","Sun Mar 30 15:36:57 GMT 2025","","HYPERON-EXPERIMENTAL-SCRIPTS","HYPERON-EXPERIMENTAL-SCRIPTS",""
"","173","A3-TWOSIDE.01","","Sun Mar 30 15:36:57 GMT 2025","passed","Sun Mar 30 15:36:57 GMT 2025","","HYPERON-EXPERIMENTAL-SCRIPTS","HYPERON-EXPERIMENTAL-SCRIPTS",""
"","1000","metta-morph_tests.match_empty","","Sun Mar 30 15:36:56 GMT 2025","passed","Sun Mar 30 15:36:57 GMT 2025","","WHOLE-TESTS","WHOLE-TESTS",""
"","83","STATES-SPACES.01","","Sun Mar 30 15:39:32 GMT 2025","passed","Sun Mar 30 15:39:32 GMT 2025","","METTA-MORPH-TESTS","METTA-MORPH-TESTS",""
"","83","MATCH-EMPTY-SAME.02","","Sun Mar 30 15:39:32 GMT 2025","passed","Sun Mar 30 15:39:32 GMT 2025","","METTA-MORPH-TESTS","METTA-MORPH-TESTS",""
"","33","B5-TYPES-PRELIM.05","","Sun Mar 30 15:36:57 GMT 2025","passed","Sun Mar 30 15:36:57 GMT 2025","","HYPERON-EXPERIMENTAL-SCRIPTS","HYPERON-EXPERIMENTAL-SCRIPTS",""
"","0","metta-morph_tests.and_or","","Sun Mar 30 15:36:56 GMT 2025","passed","Sun Mar 30 15:36:56 GMT 2025","","WHOLE-TESTS","WHOLE-TESTS",""
"","34","B0-CHAINING-PRELIM.02","","Sun Mar 30 15:36:57 GMT 2025","passed","Sun Mar 30 15:36:57 GMT 2025","","HYPERON-EXPERIMENTAL-SCRIPTS","HYPERON-EXPERIMENTAL-SCRIPTS",""
"","32","B5-TYPES-PRELIM.13","","Sun Mar 30 15:36:57 GMT 2025","passed","Sun Mar 30 15:36:57 GMT 2025","","HYPERON-EXPERIMENTAL-SCRIPTS","HYPERON-EXPERIMENTAL-SCRIPTS",""
"","2","BCHAIN.02","","Sun Mar 30 15:42:14 GMT 2025","passed","Sun Mar 30 15:42:14 GMT 2025","","ANTI-REGRESSION","ANTI-REGRESSION",""
"","137","D2-HIGHERFUNC.25","","Sun Mar 30 15:36:57 GMT 2025","passed","Sun Mar 30 15:36:57 GMT 2025","","HYPERON-EXPERIMENTAL-SCRIPTS","HYPERON-EXPERIMENTAL-SCRIPTS",""
"","2","MATCH-EMPTY.09","","Sun Mar 30 15:39:32 GMT 2025","passed","Sun Mar 30 15:39:32 GMT 2025","","METTA-MORPH-TESTS","METTA-MORPH-TESTS",""
"","33","BOOLEAN-TWICE.16","","Sun Mar 30 15:39:32 GMT 2025","passed","Sun Mar 30 15:39:32 GMT 2025","","METTA-MORPH-TESTS","METTA-MORPH-TESTS",""
"","47","B5-TYPES-PRELIM.18","","Sun Mar 30 15:36:57 GMT 2025","passed","Sun Mar 30 15:36:57 GMT 2025","","HYPERON-EXPERIMENTAL-SCRIPTS","HYPERON-EXPERIMENTAL-SCRIPTS",""
"","48","EQUALSIGN-T.05","","Sun Mar 30 15:42:14 GMT 2025","passed","Sun Mar 30 15:42:14 GMT 2025","","ANTI-REGRESSION","ANTI-REGRESSION",""
"","1000","anti-regression.tmpMatch1","","Sun Mar 30 15:36:56 GMT 2025","passed","Sun Mar 30 15:36:57 GMT 2025","","WHOLE-TESTS","WHOLE-TESTS",""
"","1000","issues.and_or_xor_backtracking_254","","Sun Mar 30 15:36:56 GMT 2025","passed","Sun Mar 30 15:36:57 GMT 2025","","WHOLE-TESTS","WHOLE-TESTS",""
"","98","B5-TYPES-PRELIM.10","","Sun Mar 30 15:36:57 GMT 2025","passed","Sun Mar 30 15:36:57 GMT 2025","","HYPERON-EXPERIMENTAL-SCRIPTS","HYPERON-EXPERIMENTAL-SCRIPTS",""
"","34","B0-CHAINING-PRELIM.03","","Sun Mar 30 15:36:57 GMT 2025","passed","Sun Mar 30 15:36:57 GMT 2025","","HYPERON-EXPERIMENTAL-SCRIPTS","HYPERON-EXPERIMENTAL-SCRIPTS",""
"","101","D5-AUTO-TYPES.05","","Sun Mar 30 15:36:57 GMT 2025","failed","Sun Mar 30 15:36:57 GMT 2025","","HYPERON-EXPERIMENTAL-SCRIPTS","HYPERON-EXPERIMENTAL-SCRIPTS",""
"","1000","metta-wam-issue-199.bug_capture_199","","Sun Mar 30 15:36:56 GMT 2025","passed","Sun Mar 30 15:36:57 GMT 2025","","WHOLE-TESTS","WHOLE-TESTS",""
"","83","A3-TWOSIDE.02","","Sun Mar 30 15:36:57 GMT 2025","passed","Sun Mar 30 15:36:57 GMT 2025","","HYPERON-EXPERIMENTAL-SCRIPTS","HYPERON-EXPERIMENTAL-SCRIPTS",""
"","84","MATCH-EMPTY.02","","Sun Mar 30 15:39:32 GMT 2025","passed","Sun Mar 30 15:39:32 GMT 2025","","METTA-MORPH-TESTS","METTA-MORPH-TESTS",""
"","24","D1-GADT.05","","Sun Mar 30 15:36:57 GMT 2025","failed","Sun Mar 30 15:36:57 GMT 2025","","HYPERON-EXPERIMENTAL-SCRIPTS","HYPERON-EXPERIMENTAL-SCRIPTS",""
"","215","G1-DOCS.04","","Sun Mar 30 15:36:57 GMT 2025","passed","Sun Mar 30 15:36:57 GMT 2025","","HYPERON-EXPERIMENTAL-SCRIPTS","HYPERON-EXPERIMENTAL-SCRIPTS",""
"","1000","metta-wam-issue-145.print_graph","","Sun Mar 30 15:36:56 GMT 2025","passed","Sun Mar 30 15:36:57 GMT 2025","","WHOLE-TESTS","WHOLE-TESTS",""
"","141","ADD-ATOM-MATCH.01","","Sun Mar 30 15:39:32 GMT 2025","passed","Sun Mar 30 15:39:32 GMT 2025","","METTA-MORPH-TESTS","METTA-MORPH-TESTS",""
"","32","ORDERING-IF2-IF-FACTORIAL.07","","Sun Mar 30 15:43:42 GMT 2025","passed","Sun Mar 30 15:43:42 GMT 2025","","ORDERING","ORDERING",""
"","32","SEQUENTIAL-NESTED.09","","Sun Mar 30 15:39:32 GMT 2025","passed","Sun Mar 30 15:39:32 GMT 2025","","METTA-MORPH-TESTS","METTA-MORPH-TESTS",""
"","75","D5-AUTO-TYPES.02","","Sun Mar 30 15:36:57 GMT 2025","failed","Sun Mar 30 15:36:57 GMT 2025","","HYPERON-EXPERIMENTAL-SCRIPTS","HYPERON-EXPERIMENTAL-SCRIPTS",""
"","173","LET-SUPERPOSE-LIST2.01","","Sun Mar 30 15:39:32 GMT 2025","passed","Sun Mar 30 15:39:32 GMT 2025","","METTA-MORPH-TESTS","METTA-MORPH-TESTS",""
"","21","D2-HIGHERFUNC.21","","Sun Mar 30 15:36:57 GMT 2025","failed","Sun Mar 30 15:36:57 GMT 2025","","HYPERON-EXPERIMENTAL-SCRIPTS","HYPERON-EXPERIMENTAL-SCRIPTS",""
"","54","AND-OR-XOR-BACKTRACKING-254.12","","Sun Mar 30 15:42:36 GMT 2025","passed","Sun Mar 30 15:42:36 GMT 2025","","ISSUES","ISSUES",""
"","235","B2-BACKCHAIN.05","","Sun Mar 30 15:36:57 GMT 2025","passed","Sun Mar 30 15:36:57 GMT 2025","","HYPERON-EXPERIMENTAL-SCRIPTS","HYPERON-EXPERIMENTAL-SCRIPTS",""
"","71","D2-HIGHERFUNC.05","","Sun Mar 30 15:36:57 GMT 2025","passed","Sun Mar 30 15:36:57 GMT 2025","","HYPERON-EXPERIMENTAL-SCRIPTS","HYPERON-EXPERIMENTAL-SCRIPTS",""
"","58","SUPERCOLLAPSE.02","","Sun Mar 30 15:39:32 GMT 2025","passed","Sun Mar 30 15:39:32 GMT 2025","","METTA-MORPH-TESTS","METTA-MORPH-TESTS",""
"","40000","metta-morph_tests.minnars","","Sun Mar 30 15:36:56 GMT 2025","failed","Sun Mar 30 15:37:36 GMT 2025","","WHOLE-TESTS","WHOLE-TESTS",""
"","34","BOOLEAN-TWICE.03","","Sun Mar 30 15:39:32 GMT 2025","passed","Sun Mar 30 15:39:32 GMT 2025","","METTA-MORPH-TESTS","METTA-MORPH-TESTS",""
"","34","TEST-IF-CLOSED.07","","Sun Mar 30 15:42:14 GMT 2025","passed","Sun Mar 30 15:42:14 GMT 2025","","ANTI-REGRESSION","ANTI-REGRESSION",""
"","25","BOOLEAN-TWICE.11","","Sun Mar 30 15:39:32 GMT 2025","passed","Sun Mar 30 15:39:32 GMT 2025","","METTA-MORPH-TESTS","METTA-MORPH-TESTS",""
"","24","MATCH-EMPTY.05","","Sun Mar 30 15:39:32 GMT 2025","passed","Sun Mar 30 15:39:32 GMT 2025","","METTA-MORPH-TESTS","METTA-MORPH-TESTS",""
"","26","C2-SPACES.03","","Sun Mar 30 15:36:55 GMT 2025","passed","Sun Mar 30 15:36:55 GMT 2025","","MODULE-SYSTEM","MODULE-SYSTEM",""
"","150","MATCH-FEVAL.01","","Sun Mar 30 15:39:32 GMT 2025","passed","Sun Mar 30 15:39:32 GMT 2025","","METTA-MORPH-TESTS","METTA-MORPH-TESTS",""
"","22","D4-TYPE-PROP.06","","Sun Mar 30 15:36:57 GMT 2025","failed","Sun Mar 30 15:36:57 GMT 2025","","HYPERON-EXPERIMENTAL-SCRIPTS","HYPERON-EXPERIMENTAL-SCRIPTS",""
"","0","hyperon-experimental_scripts.b0_chaining_prelim","","Sun Mar 30 15:36:56 GMT 2025","passed","Sun Mar 30 15:36:56 GMT 2025","","WHOLE-TESTS","WHOLE-TESTS",""
"","99","D1-GADT.11","","Sun Mar 30 15:36:57 GMT 2025","passed","Sun Mar 30 15:36:57 GMT 2025","","HYPERON-EXPERIMENTAL-SCRIPTS","HYPERON-EXPERIMENTAL-SCRIPTS",""
"","82","TEST-IF-CLOSED.01","","Sun Mar 30 15:42:14 GMT 2025","passed","Sun Mar 30 15:42:14 GMT 2025","","ANTI-REGRESSION","ANTI-REGRESSION",""
"","1000","metta-morph_tests.boolean_twice","","Sun Mar 30 15:36:56 GMT 2025","passed","Sun Mar 30 15:36:57 GMT 2025","","WHOLE-TESTS","WHOLE-TESTS",""
"","1000","metta-morph_tests.hyperpose","","Sun Mar 30 15:36:56 GMT 2025","passed","Sun Mar 30 15:36:57 GMT 2025","","WHOLE-TESTS","WHOLE-TESTS",""
"","1000","module-system.c2_spaces","","Sun Mar 30 15:36:56 GMT 2025","passed","Sun Mar 30 15:36:57 GMT 2025","","WHOLE-TESTS","WHOLE-TESTS",""
"","36","C1-GROUNDED-BASIC.02","","Sun Mar 30 15:36:57 GMT 2025","passed","Sun Mar 30 15:36:57 GMT 2025","","HYPERON-EXPERIMENTAL-SCRIPTS","HYPERON-EXPERIMENTAL-SCRIPTS",""
"","29","HYPERPOSE.06","","Sun Mar 30 15:39:32 GMT 2025","passed","Sun Mar 30 15:39:32 GMT 2025","","METTA-MORPH-TESTS","METTA-MORPH-TESTS",""
"","1000","metta-wam-issue-116.test_spo_1000","","Sun Mar 30 15:36:56 GMT 2025","passed","Sun Mar 30 15:36:57 GMT 2025","","WHOLE-TESTS","WHOLE-TESTS",""
"","21","D2-HIGHERFUNC.20","","Sun Mar 30 15:36:57 GMT 2025","failed","Sun Mar 30 15:36:57 GMT 2025","","HYPERON-EXPERIMENTAL-SCRIPTS","HYPERON-EXPERIMENTAL-SCRIPTS",""
"","153","EQUALSIGN-T.01","","Sun Mar 30 15:42:14 GMT 2025","passed","Sun Mar 30 15:42:14 GMT 2025","","ANTI-REGRESSION","ANTI-REGRESSION",""
"","114","E2-STATES.08","","Sun Mar 30 15:36:57 GMT 2025","failed","Sun Mar 30 15:36:57 GMT 2025","","HYPERON-EXPERIMENTAL-SCRIPTS","HYPERON-EXPERIMENTAL-SCRIPTS",""
"","34","D4-TYPE-PROP.05","","Sun Mar 30 15:36:57 GMT 2025","passed","Sun Mar 30 15:36:57 GMT 2025","","HYPERON-EXPERIMENTAL-SCRIPTS","HYPERON-EXPERIMENTAL-SCRIPTS",""
"","117","E2-STATES.11","","Sun Mar 30 15:36:57 GMT 2025","passed","Sun Mar 30 15:36:57 GMT 2025","","HYPERON-EXPERIMENTAL-SCRIPTS","HYPERON-EXPERIMENTAL-SCRIPTS",""
"","33","BUG-254-AND-OR-XOR-BACKTRACKING-254.11","","Sun Mar 30 15:42:36 GMT 2025","passed","Sun Mar 30 15:42:36 GMT 2025","","ISSUES","ISSUES",""
"","34","ORDERING-IF-IF2-FACTORIAL.04","","Sun Mar 30 15:43:42 GMT 2025","passed","Sun Mar 30 15:43:42 GMT 2025","","ORDERING","ORDERING",""
"","32","BUG-254-AND-OR-XOR-BACKTRACKING-254.03","","Sun Mar 30 15:42:36 GMT 2025","passed","Sun Mar 30 15:42:36 GMT 2025","","ISSUES","ISSUES",""
"","1000","metta-morph_tests.match_superposed_spaces","","Sun Mar 30 15:36:56 GMT 2025","passed","Sun Mar 30 15:36:57 GMT 2025","","WHOLE-TESTS","WHOLE-TESTS",""
"","24","AND-OR-XOR-BACKTRACKING-254.13","","Sun Mar 30 15:42:36 GMT 2025","passed","Sun Mar 30 15:42:36 GMT 2025","","ISSUES","ISSUES",""
"","15000","anti-regression.system_proofTestCurried","","Sun Mar 30 15:36:56 GMT 2025","failed","Sun Mar 30 15:37:11 GMT 2025","","WHOLE-TESTS","WHOLE-TESTS",""
"","90","C2-SPACES.05","","Sun Mar 30 15:36:55 GMT 2025","passed","Sun Mar 30 15:36:55 GMT 2025","","MODULE-SYSTEM","MODULE-SYSTEM",""
"","534","TMPMATCH2.01","","Sun Mar 30 15:42:14 GMT 2025","passed","Sun Mar 30 15:42:14 GMT 2025","","ANTI-REGRESSION","ANTI-REGRESSION",""
"","34","C1-GROUNDED-BASIC.04","","Sun Mar 30 15:36:57 GMT 2025","passed","Sun Mar 30 15:36:57 GMT 2025","","HYPERON-EXPERIMENTAL-SCRIPTS","HYPERON-EXPERIMENTAL-SCRIPTS",""
"","22","E3-MATCH-STATES.02","","Sun Mar 30 15:36:57 GMT 2025","passed","Sun Mar 30 15:36:57 GMT 2025","","HYPERON-EXPERIMENTAL-SCRIPTS","HYPERON-EXPERIMENTAL-SCRIPTS",""
"","33","B5-TYPES-PRELIM.21","","Sun Mar 30 15:36:57 GMT 2025","passed","Sun Mar 30 15:36:57 GMT 2025","","HYPERON-EXPERIMENTAL-SCRIPTS","HYPERON-EXPERIMENTAL-SCRIPTS",""
"","42","B5-TYPES-PRELIM.03","","Sun Mar 30 15:36:57 GMT 2025","passed","Sun Mar 30 15:36:57 GMT 2025","","HYPERON-EXPERIMENTAL-SCRIPTS","HYPERON-EXPERIMENTAL-SCRIPTS",""
"","177","C1-GROUNDED-BASIC.08","","Sun Mar 30 15:36:57 GMT 2025","passed","Sun Mar 30 15:36:57 GMT 2025","","HYPERON-EXPERIMENTAL-SCRIPTS","HYPERON-EXPERIMENTAL-SCRIPTS",""
"","1000","metta-morph_tests.factorial","","Sun Mar 30 15:36:56 GMT 2025","passed","Sun Mar 30 15:36:57 GMT 2025","","WHOLE-TESTS","WHOLE-TESTS",""
"","1000","metta-morph_tests.identity","","Sun Mar 30 15:36:56 GMT 2025","passed","Sun Mar 30 15:36:57 GMT 2025","","WHOLE-TESTS","WHOLE-TESTS",""
"","35","MATCH-EMPTY.08","","Sun Mar 30 15:39:32 GMT 2025","passed","Sun Mar 30 15:39:32 GMT 2025","","METTA-MORPH-TESTS","METTA-MORPH-TESTS",""
"","82","BOOLEAN-TWICE.01","","Sun Mar 30 15:39:32 GMT 2025","passed","Sun Mar 30 15:39:32 GMT 2025","","METTA-MORPH-TESTS","METTA-MORPH-TESTS",""
"","86","B1-EQUAL-CHAIN.02","","Sun Mar 30 15:36:57 GMT 2025","passed","Sun Mar 30 15:36:57 GMT 2025","","HYPERON-EXPERIMENTAL-SCRIPTS","HYPERON-EXPERIMENTAL-SCRIPTS",""
"","142","C1-GROUNDED-BASIC.23","","Sun Mar 30 15:36:57 GMT 2025","passed","Sun Mar 30 15:36:57 GMT 2025","","HYPERON-EXPERIMENTAL-SCRIPTS","HYPERON-EXPERIMENTAL-SCRIPTS",""
"","27","MATCH-EMPTY-SAME.05","","Sun Mar 30 15:39:32 GMT 2025","passed","Sun Mar 30 15:39:32 GMT 2025","","METTA-MORPH-TESTS","METTA-MORPH-TESTS",""
"","448","G1-DOCS.03","","Sun Mar 30 15:36:57 GMT 2025","passed","Sun Mar 30 15:36:57 GMT 2025","","HYPERON-EXPERIMENTAL-SCRIPTS","HYPERON-EXPERIMENTAL-SCRIPTS",""
"","90","TYPES.01","","Sun Mar 30 15:39:32 GMT 2025","passed","Sun Mar 30 15:39:32 GMT 2025","","METTA-MORPH-TESTS","METTA-MORPH-TESTS",""
"","32","B5-TYPES-PRELIM.12","","Sun Mar 30 15:36:57 GMT 2025","passed","Sun Mar 30 15:36:57 GMT 2025","","HYPERON-EXPERIMENTAL-SCRIPTS","HYPERON-EXPERIMENTAL-SCRIPTS",""
"","84","D2-HIGHERFUNC.18","","Sun Mar 30 15:36:57 GMT 2025","passed","Sun Mar 30 15:36:57 GMT 2025","","HYPERON-EXPERIMENTAL-SCRIPTS","HYPERON-EXPERIMENTAL-SCRIPTS",""
"","46","AND-OR-XOR-BACKTRACKING-254.04","","Sun Mar 30 15:42:36 GMT 2025","passed","Sun Mar 30 15:42:36 GMT 2025","","ISSUES","ISSUES",""
"","1","SEQUENTIAL-NESTED.06","","Sun Mar 30 15:39:32 GMT 2025","passed","Sun Mar 30 15:39:32 GMT 2025","","METTA-MORPH-TESTS","METTA-MORPH-TESTS",""
"","52","BUG-254-AND-OR-XOR-BACKTRACKING-254.05","","Sun Mar 30 15:42:36 GMT 2025","passed","Sun Mar 30 15:42:36 GMT 2025","","ISSUES","ISSUES",""
"","1000","hyperon-experimental_scripts.f1_moduleA","","Sun Mar 30 15:36:56 GMT 2025","passed","Sun Mar 30 15:36:57 GMT 2025","","WHOLE-TESTS","WHOLE-TESTS",""
"","1000","hyperon-experimental_scripts.d3_deptypes","","Sun Mar 30 15:36:56 GMT 2025","passed","Sun Mar 30 15:36:57 GMT 2025","","WHOLE-TESTS","WHOLE-TESTS",""
"","115","HYPERPOSE.10","","Sun Mar 30 15:39:32 GMT 2025","passed","Sun Mar 30 15:39:32 GMT 2025","","METTA-MORPH-TESTS","METTA-MORPH-TESTS",""
"","33","D2-HIGHERFUNC.11","","Sun Mar 30 15:36:57 GMT 2025","passed","Sun Mar 30 15:36:57 GMT 2025","","HYPERON-EXPERIMENTAL-SCRIPTS","HYPERON-EXPERIMENTAL-SCRIPTS",""
"","1000","metta-morph_tests.types","","Sun Mar 30 15:36:56 GMT 2025","passed","Sun Mar 30 15:36:57 GMT 2025","","WHOLE-TESTS","WHOLE-TESTS",""
"","87","AND-OR.01","","Sun Mar 30 15:39:32 GMT 2025","passed","Sun Mar 30 15:39:32 GMT 2025","","METTA-MORPH-TESTS","METTA-MORPH-TESTS",""
"","25","BUG-206-SEVERAL-UNIFIES.06","","Sun Mar 30 15:42:36 GMT 2025","passed","Sun Mar 30 15:42:36 GMT 2025","","ISSUES","ISSUES",""
"","25","C1-GROUNDED-BASIC.03","","Sun Mar 30 15:36:57 GMT 2025","passed","Sun Mar 30 15:36:57 GMT 2025","","HYPERON-EXPERIMENTAL-SCRIPTS","HYPERON-EXPERIMENTAL-SCRIPTS",""
"","1000","hyperon-experimental_scripts.b4_nondeterm","","Sun Mar 30 15:36:56 GMT 2025","passed","Sun Mar 30 15:36:57 GMT 2025","","WHOLE-TESTS","WHOLE-TESTS",""
"","54","ORDERING-IF-IF2-FACTORIAL.11","","Sun Mar 30 15:43:42 GMT 2025","passed","Sun Mar 30 15:43:42 GMT 2025","","ORDERING","ORDERING",""
"","33","B5-TYPES-PRELIM.25","","Sun Mar 30 15:36:57 GMT 2025","passed","Sun Mar 30 15:36:57 GMT 2025","","HYPERON-EXPERIMENTAL-SCRIPTS","HYPERON-EXPERIMENTAL-SCRIPTS",""
"","147","B4-NONDETERM.11","","Sun Mar 30 15:36:57 GMT 2025","passed","Sun Mar 30 15:36:57 GMT 2025","","HYPERON-EXPERIMENTAL-SCRIPTS","HYPERON-EXPERIMENTAL-SCRIPTS",""
"","148","BCHAIN-COMP.01","","Sun Mar 30 15:42:14 GMT 2025","passed","Sun Mar 30 15:42:14 GMT 2025","","ANTI-REGRESSION","ANTI-REGRESSION",""
"","121","LETLET.01","","Sun Mar 30 15:39:32 GMT 2025","passed","Sun Mar 30 15:39:32 GMT 2025","","METTA-MORPH-TESTS","METTA-MORPH-TESTS",""
"","535","TMPMATCH1.01","","Sun Mar 30 15:42:14 GMT 2025","passed","Sun Mar 30 15:42:14 GMT 2025","","ANTI-REGRESSION","ANTI-REGRESSION",""
"","16000","metta-wam-issue-116.test_spo_116378","","Sun Mar 30 15:36:56 GMT 2025","failed","Sun Mar 30 15:37:12 GMT 2025","","WHOLE-TESTS","WHOLE-TESTS",""
"","34","D4-TYPE-PROP-X2.09","","Sun Mar 30 15:36:57 GMT 2025","passed","Sun Mar 30 15:36:57 GMT 2025","","HYPERON-EXPERIMENTAL-SCRIPTS","HYPERON-EXPERIMENTAL-SCRIPTS",""
"","1","D4-TYPE-PROP-X2.12","","Sun Mar 30 15:36:57 GMT 2025","passed","Sun Mar 30 15:36:57 GMT 2025","","HYPERON-EXPERIMENTAL-SCRIPTS","HYPERON-EXPERIMENTAL-SCRIPTS",""
"","1000","metta-morph_tests.match_feval","","Sun Mar 30 15:36:56 GMT 2025","passed","Sun Mar 30 15:36:57 GMT 2025","","WHOLE-TESTS","WHOLE-TESTS",""
"","41000","metta-morph_tests.tests0","","Sun Mar 30 15:36:56 GMT 2025","failed","Sun Mar 30 15:37:37 GMT 2025","","WHOLE-TESTS","WHOLE-TESTS",""
"","55","E3-MATCH-STATES.03","","Sun Mar 30 15:36:57 GMT 2025","failed","Sun Mar 30 15:36:57 GMT 2025","","HYPERON-EXPERIMENTAL-SCRIPTS","HYPERON-EXPERIMENTAL-SCRIPTS",""
"","32","ORDERING-IF-IF2-FACTORIAL.05","","Sun Mar 30 15:43:42 GMT 2025","passed","Sun Mar 30 15:43:42 GMT 2025","","ORDERING","ORDERING",""
"","112","COLLAPSE.01","","Sun Mar 30 15:39:32 GMT 2025","passed","Sun Mar 30 15:39:32 GMT 2025","","METTA-MORPH-TESTS","METTA-MORPH-TESTS",""
"","86","D2-HIGHERFUNC.02","","Sun Mar 30 15:36:57 GMT 2025","passed","Sun Mar 30 15:36:57 GMT 2025","","HYPERON-EXPERIMENTAL-SCRIPTS","HYPERON-EXPERIMENTAL-SCRIPTS",""
"","33","D1-GADT.14","","Sun Mar 30 15:36:57 GMT 2025","passed","Sun Mar 30 15:36:57 GMT 2025","","HYPERON-EXPERIMENTAL-SCRIPTS","HYPERON-EXPERIMENTAL-SCRIPTS",""
"","71","D2-HIGHERFUNC.17","","Sun Mar 30 15:36:57 GMT 2025","passed","Sun Mar 30 15:36:57 GMT 2025","","HYPERON-EXPERIMENTAL-SCRIPTS","HYPERON-EXPERIMENTAL-SCRIPTS",""
"","15000","anti-regression.mettalogTestCurried","","Sun Mar 30 15:36:56 GMT 2025","failed","Sun Mar 30 15:37:11 GMT 2025","","WHOLE-TESTS","WHOLE-TESTS",""
"","24","AND-OR-XOR-BACKTRACKING-254.10","","Sun Mar 30 15:42:36 GMT 2025","passed","Sun Mar 30 15:42:36 GMT 2025","","ISSUES","ISSUES",""
"","68","D5-AUTO-TYPES.04","","Sun Mar 30 15:36:57 GMT 2025","failed","Sun Mar 30 15:36:57 GMT 2025","","HYPERON-EXPERIMENTAL-SCRIPTS","HYPERON-EXPERIMENTAL-SCRIPTS",""
"","0","hyperon-experimental_scripts.a3_twoside","","Sun Mar 30 15:36:56 GMT 2025","passed","Sun Mar 30 15:36:56 GMT 2025","","WHOLE-TESTS","WHOLE-TESTS",""
"","1000","module-system.f1_moduleA","","Sun Mar 30 15:36:56 GMT 2025","passed","Sun Mar 30 15:36:57 GMT 2025","","WHOLE-TESTS","WHOLE-TESTS",""
"","75","D1-GADT.03","","Sun Mar 30 15:36:57 GMT 2025","passed","Sun Mar 30 15:36:57 GMT 2025","","HYPERON-EXPERIMENTAL-SCRIPTS","HYPERON-EXPERIMENTAL-SCRIPTS",""
"","70","ORDERING-IF2-IF-FACTORIAL.09","","Sun Mar 30 15:43:42 GMT 2025","passed","Sun Mar 30 15:43:42 GMT 2025","","ORDERING","ORDERING",""
"","115","NESTED-PARAMETERS.01","","Sun Mar 30 15:39:32 GMT 2025","passed","Sun Mar 30 15:39:32 GMT 2025","","METTA-MORPH-TESTS","METTA-MORPH-TESTS",""
"","34","BOOLEAN-TWICE.17","","Sun Mar 30 15:39:32 GMT 2025","passed","Sun Mar 30 15:39:32 GMT 2025","","METTA-MORPH-TESTS","METTA-MORPH-TESTS",""
"","57","SUPERPOSE-NESTED.04","","Sun Mar 30 15:39:32 GMT 2025","passed","Sun Mar 30 15:39:32 GMT 2025","","METTA-MORPH-TESTS","METTA-MORPH-TESTS",""
"","1000","metta-morph_tests.let_superpose_list","","Sun Mar 30 15:36:56 GMT 2025","passed","Sun Mar 30 15:36:57 GMT 2025","","WHOLE-TESTS","WHOLE-TESTS",""
"","138","E2-STATES.07","","Sun Mar 30 15:36:57 GMT 2025","failed","Sun Mar 30 15:36:57 GMT 2025","","HYPERON-EXPERIMENTAL-SCRIPTS","HYPERON-EXPERIMENTAL-SCRIPTS",""
"","43","B3-DIRECT.03","","Sun Mar 30 15:36:57 GMT 2025","passed","Sun Mar 30 15:36:57 GMT 2025","","HYPERON-EXPERIMENTAL-SCRIPTS","HYPERON-EXPERIMENTAL-SCRIPTS",""
"","54","BUG-254-AND-OR-XOR-BACKTRACKING-254.19","","Sun Mar 30 15:42:36 GMT 2025","passed","Sun Mar 30 15:42:36 GMT 2025","","ISSUES","ISSUES",""
"","64","SUPERCOLLAPSE.03","","Sun Mar 30 15:39:32 GMT 2025","passed","Sun Mar 30 15:39:32 GMT 2025","","METTA-MORPH-TESTS","METTA-MORPH-TESTS",""
"","32","BUG-254-AND-OR-XOR-BACKTRACKING-254.18","","Sun Mar 30 15:42:36 GMT 2025","passed","Sun Mar 30 15:42:36 GMT 2025","","ISSUES","ISSUES",""
"","77","ORDERING-FACTORIAL-IF2-IF.01","","Sun Mar 30 15:43:42 GMT 2025","passed","Sun Mar 30 15:43:42 GMT 2025","","ORDERING","ORDERING",""
"","2","C2-SPACES.02","","Sun Mar 30 15:36:55 GMT 2025","passed","Sun Mar 30 15:36:55 GMT 2025","","MODULE-SYSTEM","MODULE-SYSTEM",""
"","44","E2-STATES.04","","Sun Mar 30 15:36:57 GMT 2025","passed","Sun Mar 30 15:36:57 GMT 2025","","HYPERON-EXPERIMENTAL-SCRIPTS","HYPERON-EXPERIMENTAL-SCRIPTS",""
"","32","SEQUENTIAL-NESTED.08","","Sun Mar 30 15:39:32 GMT 2025","passed","Sun Mar 30 15:39:32 GMT 2025","","METTA-MORPH-TESTS","METTA-MORPH-TESTS",""
"","115","LET-SUPERPOSE-LIST.02","","Sun Mar 30 15:39:32 GMT 2025","passed","Sun Mar 30 15:39:32 GMT 2025","","METTA-MORPH-TESTS","METTA-MORPH-TESTS",""
"","142","D2-HIGHERFUNC.26","","Sun Mar 30 15:36:57 GMT 2025","passed","Sun Mar 30 15:36:57 GMT 2025","","HYPERON-EXPERIMENTAL-SCRIPTS","HYPERON-EXPERIMENTAL-SCRIPTS",""
"","35","AND-OR-XOR-BACKTRACKING-254.18","","Sun Mar 30 15:42:36 GMT 2025","passed","Sun Mar 30 15:42:36 GMT 2025","","ISSUES","ISSUES",""
"","10000","metta-wam-issue-116.test_spo_5000","","Sun Mar 30 15:36:56 GMT 2025","passed","Sun Mar 30 15:37:06 GMT 2025","","WHOLE-TESTS","WHOLE-TESTS",""
"","111","D2-HIGHERFUNC.24","","Sun Mar 30 15:36:57 GMT 2025","passed","Sun Mar 30 15:36:57 GMT 2025","","HYPERON-EXPERIMENTAL-SCRIPTS","HYPERON-EXPERIMENTAL-SCRIPTS",""
"","104","B5-TYPES-PRELIM.24","","Sun Mar 30 15:36:57 GMT 2025","passed","Sun Mar 30 15:36:57 GMT 2025","","HYPERON-EXPERIMENTAL-SCRIPTS","HYPERON-EXPERIMENTAL-SCRIPTS",""
"","32","SEQUENTIAL-NESTED.12","","Sun Mar 30 15:39:32 GMT 2025","passed","Sun Mar 30 15:39:32 GMT 2025","","METTA-MORPH-TESTS","METTA-MORPH-TESTS",""
"","99","EQUALSIGN-T.04","","Sun Mar 30 15:42:14 GMT 2025","passed","Sun Mar 30 15:42:14 GMT 2025","","ANTI-REGRESSION","ANTI-REGRESSION",""
"","53","D4-TYPE-PROP.02","","Sun Mar 30 15:36:57 GMT 2025","passed","Sun Mar 30 15:36:57 GMT 2025","","HYPERON-EXPERIMENTAL-SCRIPTS","HYPERON-EXPERIMENTAL-SCRIPTS",""
"","41000","hyperon-experimental_scripts.c3_pln_stv","","Sun Mar 30 15:36:56 GMT 2025","failed","Sun Mar 30 15:37:37 GMT 2025","","WHOLE-TESTS","WHOLE-TESTS",""
"","50","D4-TYPE-PROP.04","","Sun Mar 30 15:36:57 GMT 2025","passed","Sun Mar 30 15:36:57 GMT 2025","","HYPERON-EXPERIMENTAL-SCRIPTS","HYPERON-EXPERIMENTAL-SCRIPTS",""
"","21","D4-TYPE-PROP-X2.08","","Sun Mar 30 15:36:57 GMT 2025","failed","Sun Mar 30 15:36:57 GMT 2025","","HYPERON-EXPERIMENTAL-SCRIPTS","HYPERON-EXPERIMENTAL-SCRIPTS",""
"","55","SUPERPOSE-NESTED.03","","Sun Mar 30 15:39:32 GMT 2025","passed","Sun Mar 30 15:39:32 GMT 2025","","METTA-MORPH-TESTS","METTA-MORPH-TESTS",""
"","25","TYPES2.02","","Sun Mar 30 15:39:32 GMT 2025","passed","Sun Mar 30 15:39:32 GMT 2025","","METTA-MORPH-TESTS","METTA-MORPH-TESTS",""
"","16000","anti-regression.mettalogTestCurried2","","Sun Mar 30 15:36:56 GMT 2025","failed","Sun Mar 30 15:37:12 GMT 2025","","WHOLE-TESTS","WHOLE-TESTS",""
"","0","hyperon-experimental_scripts.a2_opencoggy","","Sun Mar 30 15:36:56 GMT 2025","passed","Sun Mar 30 15:36:56 GMT 2025","","WHOLE-TESTS","WHOLE-TESTS",""
"","15000","anti-regression.debug_mettalogTestCurried","","Sun Mar 30 15:36:56 GMT 2025","failed","Sun Mar 30 15:37:11 GMT 2025","","WHOLE-TESTS","WHOLE-TESTS",""
"","48","BUG-254-AND-OR-XOR-BACKTRACKING-254.06","","Sun Mar 30 15:42:36 GMT 2025","passed","Sun Mar 30 15:42:36 GMT 2025","","ISSUES","ISSUES",""
"","124","BUG-254-AND-OR-XOR-BACKTRACKING-254.01","","Sun Mar 30 15:42:36 GMT 2025","passed","Sun Mar 30 15:42:36 GMT 2025","","ISSUES","ISSUES",""
"","27","C1-GROUNDED-BASIC.16","","Sun Mar 30 15:36:57 GMT 2025","passed","Sun Mar 30 15:36:57 GMT 2025","","HYPERON-EXPERIMENTAL-SCRIPTS","HYPERON-EXPERIMENTAL-SCRIPTS",""
"","25","ORDERING-IF-IF2-FACTORIAL.06","","Sun Mar 30 15:43:42 GMT 2025","passed","Sun Mar 30 15:43:42 GMT 2025","","ORDERING","ORDERING",""
"","1000","hyperon-experimental_scripts.a1_symbols","","Sun Mar 30 15:36:56 GMT 2025","passed","Sun Mar 30 15:36:57 GMT 2025","","WHOLE-TESTS","WHOLE-TESTS",""
"","189","PEANO.01","","Sun Mar 30 15:39:32 GMT 2025","passed","Sun Mar 30 15:39:32 GMT 2025","","METTA-MORPH-TESTS","METTA-MORPH-TESTS",""
"","25","HYPERPOSE.03","","Sun Mar 30 15:39:32 GMT 2025","passed","Sun Mar 30 15:39:32 GMT 2025","","METTA-MORPH-TESTS","METTA-MORPH-TESTS",""
"","1000","anti-regression.equalsign_t","","Sun Mar 30 15:36:56 GMT 2025","passed","Sun Mar 30 15:36:57 GMT 2025","","WHOLE-TESTS","WHOLE-TESTS",""
"","24","AND-OR-XOR-BACKTRACKING-254.03","","Sun Mar 30 15:42:36 GMT 2025","passed","Sun Mar 30 15:42:36 GMT 2025","","ISSUES","ISSUES",""
"","113","A1-SYMBOLS.01","","Sun Mar 30 15:36:57 GMT 2025","passed","Sun Mar 30 15:36:57 GMT 2025","","HYPERON-EXPERIMENTAL-SCRIPTS","HYPERON-EXPERIMENTAL-SCRIPTS",""
"","1000","hyperon-experimental_scripts.b3_direct","","Sun Mar 30 15:36:56 GMT 2025","passed","Sun Mar 30 15:36:57 GMT 2025","","WHOLE-TESTS","WHOLE-TESTS",""
"","244","A1-SYMBOLS.05","","Sun Mar 30 15:36:57 GMT 2025","passed","Sun Mar 30 15:36:57 GMT 2025","","HYPERON-EXPERIMENTAL-SCRIPTS","HYPERON-EXPERIMENTAL-SCRIPTS",""
"","1","MATCH-EMPTY-SAME.03","","Sun Mar 30 15:39:32 GMT 2025","passed","Sun Mar 30 15:39:32 GMT 2025","","METTA-MORPH-TESTS","METTA-MORPH-TESTS",""
"","50","D4-TYPE-PROP.09","","Sun Mar 30 15:36:57 GMT 2025","passed","Sun Mar 30 15:36:57 GMT 2025","","HYPERON-EXPERIMENTAL-SCRIPTS","HYPERON-EXPERIMENTAL-SCRIPTS",""
"","21","D1-GADT.13","","Sun Mar 30 15:36:57 GMT 2025","failed","Sun Mar 30 15:36:57 GMT 2025","","HYPERON-EXPERIMENTAL-SCRIPTS","HYPERON-EXPERIMENTAL-SCRIPTS",""
"","26","BOOLEAN-TWICE.02","","Sun Mar 30 15:39:32 GMT 2025","passed","Sun Mar 30 15:39:32 GMT 2025","","METTA-MORPH-TESTS","METTA-MORPH-TESTS",""
"","7000","metta-morph_tests.nalifier","","Sun Mar 30 15:36:56 GMT 2025","passed","Sun Mar 30 15:37:03 GMT 2025","","WHOLE-TESTS","WHOLE-TESTS",""
"","47","EQUALSIGN-T.03","","Sun Mar 30 15:42:14 GMT 2025","passed","Sun Mar 30 15:42:14 GMT 2025","","ANTI-REGRESSION","ANTI-REGRESSION",""
"","1000","metta-morph_tests.zeroargs","","Sun Mar 30 15:36:56 GMT 2025","passed","Sun Mar 30 15:36:57 GMT 2025","","WHOLE-TESTS","WHOLE-TESTS",""
"","34","C1-GROUNDED-BASIC.05","","Sun Mar 30 15:36:57 GMT 2025","passed","Sun Mar 30 15:36:57 GMT 2025","","HYPERON-EXPERIMENTAL-SCRIPTS","HYPERON-EXPERIMENTAL-SCRIPTS",""
"","33","TEST-IF-CLOSED.06","","Sun Mar 30 15:42:14 GMT 2025","passed","Sun Mar 30 15:42:14 GMT 2025","","ANTI-REGRESSION","ANTI-REGRESSION",""
"","66","B4-NONDETERM.03","","Sun Mar 30 15:36:57 GMT 2025","passed","Sun Mar 30 15:36:57 GMT 2025","","HYPERON-EXPERIMENTAL-SCRIPTS","HYPERON-EXPERIMENTAL-SCRIPTS",""
"","35","D1-GADT.02","","Sun Mar 30 15:36:57 GMT 2025","passed","Sun Mar 30 15:36:57 GMT 2025","","HYPERON-EXPERIMENTAL-SCRIPTS","HYPERON-EXPERIMENTAL-SCRIPTS",""
"","25","MATCH-VOID.09","","Sun Mar 30 15:39:32 GMT 2025","failed","Sun Mar 30 15:39:32 GMT 2025","","METTA-MORPH-TESTS","METTA-MORPH-TESTS",""
"","35","MATCH-EMPTY-OR-VAR.07","","Sun Mar 30 15:39:32 GMT 2025","passed","Sun Mar 30 15:39:32 GMT 2025","","METTA-MORPH-TESTS","METTA-MORPH-TESTS",""
"","33","FACTORIAL.02","","Sun Mar 30 15:39:32 GMT 2025","passed","Sun Mar 30 15:39:32 GMT 2025","","METTA-MORPH-TESTS","METTA-MORPH-TESTS",""
"","34","TEST-IF-CLOSED.05","","Sun Mar 30 15:42:14 GMT 2025","passed","Sun Mar 30 15:42:14 GMT 2025","","ANTI-REGRESSION","ANTI-REGRESSION",""
"","50","PRINT-GRAPH.01","","Sun Mar 30 15:43:09 GMT 2025","passed","Sun Mar 30 15:43:09 GMT 2025","","METTA-WAM-ISSUE-145","METTA-WAM-ISSUE-145",""
"","33","ORDERING-IF2-IF-FACTORIAL.08","","Sun Mar 30 15:43:42 GMT 2025","passed","Sun Mar 30 15:43:42 GMT 2025","","ORDERING","ORDERING",""
"","32","SEQUENTIAL-NESTED.10","","Sun Mar 30 15:39:32 GMT 2025","passed","Sun Mar 30 15:39:32 GMT 2025","","METTA-MORPH-TESTS","METTA-MORPH-TESTS",""
"","92","MATCH-VOID.02","","Sun Mar 30 15:39:32 GMT 2025","passed","Sun Mar 30 15:39:32 GMT 2025","","METTA-MORPH-TESTS","METTA-MORPH-TESTS",""
"","1000","anti-regression.comma_is_not_special","","Sun Mar 30 15:36:56 GMT 2025","passed","Sun Mar 30 15:36:57 GMT 2025","","WHOLE-TESTS","WHOLE-TESTS",""
"","33","D2-HIGHERFUNC.08","","Sun Mar 30 15:36:57 GMT 2025","passed","Sun Mar 30 15:36:57 GMT 2025","","HYPERON-EXPERIMENTAL-SCRIPTS","HYPERON-EXPERIMENTAL-SCRIPTS",""
"","1000","metta-morph_tests.superpose_nested","","Sun Mar 30 15:36:56 GMT 2025","passed","Sun Mar 30 15:36:57 GMT 2025","","WHOLE-TESTS","WHOLE-TESTS",""
"","74","D3-DEPTYPES.02","","Sun Mar 30 15:36:57 GMT 2025","passed","Sun Mar 30 15:36:57 GMT 2025","","HYPERON-EXPERIMENTAL-SCRIPTS","HYPERON-EXPERIMENTAL-SCRIPTS",""
"","29","C2-SPACES.04","","Sun Mar 30 15:36:57 GMT 2025","passed","Sun Mar 30 15:36:57 GMT 2025","","HYPERON-EXPERIMENTAL-SCRIPTS","HYPERON-EXPERIMENTAL-SCRIPTS",""
"","77","D2-HIGHERFUNC.09","","Sun Mar 30 15:36:57 GMT 2025","passed","Sun Mar 30 15:36:57 GMT 2025","","HYPERON-EXPERIMENTAL-SCRIPTS","HYPERON-EXPERIMENTAL-SCRIPTS",""
"","132","BOOLEAN-TWICE.09","","Sun Mar 30 15:39:32 GMT 2025","passed","Sun Mar 30 15:39:32 GMT 2025","","METTA-MORPH-TESTS","METTA-MORPH-TESTS",""
"","75","D3-DEPTYPES.06","","Sun Mar 30 15:36:57 GMT 2025","passed","Sun Mar 30 15:36:57 GMT 2025","","HYPERON-EXPERIMENTAL-SCRIPTS","HYPERON-EXPERIMENTAL-SCRIPTS",""
"","33","ORDERING-IF2-IF-FACTORIAL.05","","Sun Mar 30 15:43:42 GMT 2025","passed","Sun Mar 30 15:43:42 GMT 2025","","ORDERING","ORDERING",""
"","1000","hyperon-experimental_scripts.e3_match_states","","Sun Mar 30 15:36:56 GMT 2025","passed","Sun Mar 30 15:36:57 GMT 2025","","WHOLE-TESTS","WHOLE-TESTS",""
"","93","COMMA-IS-NOT-SPECIAL.01","","Sun Mar 30 15:42:14 GMT 2025","passed","Sun Mar 30 15:42:14 GMT 2025","","ANTI-REGRESSION","ANTI-REGRESSION",""
"","19","D3-DEPTYPES.04","","Sun Mar 30 15:36:57 GMT 2025","failed","Sun Mar 30 15:36:57 GMT 2025","","HYPERON-EXPERIMENTAL-SCRIPTS","HYPERON-EXPERIMENTAL-SCRIPTS",""
"","80","D4-TYPE-PROP-X2.01","","Sun Mar 30 15:36:57 GMT 2025","passed","Sun Mar 30 15:36:57 GMT 2025","","HYPERON-EXPERIMENTAL-SCRIPTS","HYPERON-EXPERIMENTAL-SCRIPTS",""
"","2","MATCH-EMPTY-SAME.09","","Sun Mar 30 15:39:32 GMT 2025","passed","Sun Mar 30 15:39:32 GMT 2025","","METTA-MORPH-TESTS","METTA-MORPH-TESTS",""
"","144","B4-NONDETERM.09","","Sun Mar 30 15:36:57 GMT 2025","passed","Sun Mar 30 15:36:57 GMT 2025","","HYPERON-EXPERIMENTAL-SCRIPTS","HYPERON-EXPERIMENTAL-SCRIPTS",""
"","132","B5-TYPES-PRELIM.07","","Sun Mar 30 15:36:57 GMT 2025","passed","Sun Mar 30 15:36:57 GMT 2025","","HYPERON-EXPERIMENTAL-SCRIPTS","HYPERON-EXPERIMENTAL-SCRIPTS",""
"","60","B4-NONDETERM.04","","Sun Mar 30 15:36:57 GMT 2025","passed","Sun Mar 30 15:36:57 GMT 2025","","HYPERON-EXPERIMENTAL-SCRIPTS","HYPERON-EXPERIMENTAL-SCRIPTS",""
"","46","SEQUENTIAL-NESTED.03","","Sun Mar 30 15:39:32 GMT 2025","passed","Sun Mar 30 15:39:32 GMT 2025","","METTA-MORPH-TESTS","METTA-MORPH-TESTS",""
"","23","AND-OR-XOR-BACKTRACKING-254.17","","Sun Mar 30 15:42:36 GMT 2025","passed","Sun Mar 30 15:42:36 GMT 2025","","ISSUES","ISSUES",""
"","36","TEST-IF-CLOSED.02","","Sun Mar 30 15:42:14 GMT 2025","passed","Sun Mar 30 15:42:14 GMT 2025","","ANTI-REGRESSION","ANTI-REGRESSION",""
"","1000","anti-regression.bc_comp","","Sun Mar 30 15:36:56 GMT 2025","passed","Sun Mar 30 15:36:57 GMT 2025","","WHOLE-TESTS","WHOLE-TESTS",""
"","44","BUG-254-AND-OR-XOR-BACKTRACKING-254.15","","Sun Mar 30 15:42:36 GMT 2025","passed","Sun Mar 30 15:42:36 GMT 2025","","ISSUES","ISSUES",""
"","69","E2-STATES.06","","Sun Mar 30 15:36:57 GMT 2025","passed","Sun Mar 30 15:36:57 GMT 2025","","HYPERON-EXPERIMENTAL-SCRIPTS","HYPERON-EXPERIMENTAL-SCRIPTS",""
"","219","NALIFIER.01","","Sun Mar 30 15:39:32 GMT 2025","passed","Sun Mar 30 15:39:32 GMT 2025","","METTA-MORPH-TESTS","METTA-MORPH-TESTS",""
"","1000","metta-morph_tests.peano","","Sun Mar 30 15:36:56 GMT 2025","passed","Sun Mar 30 15:36:57 GMT 2025","","WHOLE-TESTS","WHOLE-TESTS",""
"","108","D2-HIGHERFUNC.03","","Sun Mar 30 15:36:57 GMT 2025","passed","Sun Mar 30 15:36:57 GMT 2025","","HYPERON-EXPERIMENTAL-SCRIPTS","HYPERON-EXPERIMENTAL-SCRIPTS",""
"","30","D4-TYPE-PROP-X2.10","","Sun Mar 30 15:36:57 GMT 2025","passed","Sun Mar 30 15:36:57 GMT 2025","","HYPERON-EXPERIMENTAL-SCRIPTS","HYPERON-EXPERIMENTAL-SCRIPTS",""
"","166","LET-SUPERPOSE-LIST.01","","Sun Mar 30 15:39:32 GMT 2025","passed","Sun Mar 30 15:39:32 GMT 2025","","METTA-MORPH-TESTS","METTA-MORPH-TESTS",""
"","51","D4-TYPE-PROP.10","","Sun Mar 30 15:36:57 GMT 2025","passed","Sun Mar 30 15:36:57 GMT 2025","","HYPERON-EXPERIMENTAL-SCRIPTS","HYPERON-EXPERIMENTAL-SCRIPTS",""
"","68","SEQUENTIAL-NESTED.05","","Sun Mar 30 15:39:32 GMT 2025","passed","Sun Mar 30 15:39:32 GMT 2025","","METTA-MORPH-TESTS","METTA-MORPH-TESTS",""
"","74","B5-TYPES-PRELIM.01","","Sun Mar 30 15:36:57 GMT 2025","passed","Sun Mar 30 15:36:57 GMT 2025","","HYPERON-EXPERIMENTAL-SCRIPTS","HYPERON-EXPERIMENTAL-SCRIPTS",""
"","52","B5-TYPES-PRELIM.04","","Sun Mar 30 15:36:57 GMT 2025","passed","Sun Mar 30 15:36:57 GMT 2025","","HYPERON-EXPERIMENTAL-SCRIPTS","HYPERON-EXPERIMENTAL-SCRIPTS",""
"","103","E2-STATES.01","","Sun Mar 30 15:36:57 GMT 2025","passed","Sun Mar 30 15:36:57 GMT 2025","","HYPERON-EXPERIMENTAL-SCRIPTS","HYPERON-EXPERIMENTAL-SCRIPTS",""
"","33","C1-GROUNDED-BASIC.10","","Sun Mar 30 15:36:57 GMT 2025","passed","Sun Mar 30 15:36:57 GMT 2025","","HYPERON-EXPERIMENTAL-SCRIPTS","HYPERON-EXPERIMENTAL-SCRIPTS",""
"","72","B5-TYPES-PRELIM.02","","Sun Mar 30 15:36:57 GMT 2025","failed","Sun Mar 30 15:36:57 GMT 2025","","HYPERON-EXPERIMENTAL-SCRIPTS","HYPERON-EXPERIMENTAL-SCRIPTS",""
"","25","TYPES2.04","","Sun Mar 30 15:39:32 GMT 2025","passed","Sun Mar 30 15:39:32 GMT 2025","","METTA-MORPH-TESTS","METTA-MORPH-TESTS",""
"","50","STATES-SPACES.03","","Sun Mar 30 15:39:32 GMT 2025","passed","Sun Mar 30 15:39:32 GMT 2025","","METTA-MORPH-TESTS","METTA-MORPH-TESTS",""
"","2","D4-TYPE-PROP.12","","Sun Mar 30 15:36:57 GMT 2025","passed","Sun Mar 30 15:36:57 GMT 2025","","HYPERON-EXPERIMENTAL-SCRIPTS","HYPERON-EXPERIMENTAL-SCRIPTS",""
"","82","ORDERING-IF-IF2-FACTORIAL.01","","Sun Mar 30 15:43:42 GMT 2025","passed","Sun Mar 30 15:43:42 GMT 2025","","ORDERING","ORDERING",""
"","55","E2-STATES.10","","Sun Mar 30 15:36:57 GMT 2025","passed","Sun Mar 30 15:36:57 GMT 2025","","HYPERON-EXPERIMENTAL-SCRIPTS","HYPERON-EXPERIMENTAL-SCRIPTS",""
"","33","B4-NONDETERM.08","","Sun Mar 30 15:36:57 GMT 2025","passed","Sun Mar 30 15:36:57 GMT 2025","","HYPERON-EXPERIMENTAL-SCRIPTS","HYPERON-EXPERIMENTAL-SCRIPTS",""
"","34","B2-BACKCHAIN.02","","Sun Mar 30 15:36:57 GMT 2025","passed","Sun Mar 30 15:36:57 GMT 2025","","HYPERON-EXPERIMENTAL-SCRIPTS","HYPERON-EXPERIMENTAL-SCRIPTS",""
"","29","BUG-254-AND-OR-XOR-BACKTRACKING-254.16","","Sun Mar 30 15:42:36 GMT 2025","passed","Sun Mar 30 15:42:36 GMT 2025","","ISSUES","ISSUES",""
"","42","BUG-206-SEVERAL-UNIFIES.07","","Sun Mar 30 15:42:36 GMT 2025","passed","Sun Mar 30 15:42:36 GMT 2025","","ISSUES","ISSUES",""
"","73","IDENTITY.01","","Sun Mar 30 15:39:32 GMT 2025","passed","Sun Mar 30 15:39:32 GMT 2025","","METTA-MORPH-TESTS","METTA-MORPH-TESTS",""
"","55","SUPERCOLLAPSE.04","","Sun Mar 30 15:39:32 GMT 2025","passed","Sun Mar 30 15:39:32 GMT 2025","","METTA-MORPH-TESTS","METTA-MORPH-TESTS",""
"","41","B1-EQUAL-CHAIN.05","","Sun Mar 30 15:36:57 GMT 2025","passed","Sun Mar 30 15:36:57 GMT 2025","","HYPERON-EXPERIMENTAL-SCRIPTS","HYPERON-EXPERIMENTAL-SCRIPTS",""
"","33","B5-TYPES-PRELIM.23","","Sun Mar 30 15:36:57 GMT 2025","passed","Sun Mar 30 15:36:57 GMT 2025","","HYPERON-EXPERIMENTAL-SCRIPTS","HYPERON-EXPERIMENTAL-SCRIPTS",""
"","22","SUPERCOLLAPSE.05","","Sun Mar 30 15:39:32 GMT 2025","passed","Sun Mar 30 15:39:32 GMT 2025","","METTA-MORPH-TESTS","METTA-MORPH-TESTS",""
"","39","BUG-254-AND-OR-XOR-BACKTRACKING-254.07","","Sun Mar 30 15:42:36 GMT 2025","passed","Sun Mar 30 15:42:36 GMT 2025","","ISSUES","ISSUES",""
"","24","ORDERING-IF2-IF-FACTORIAL.04","","Sun Mar 30 15:43:42 GMT 2025","passed","Sun Mar 30 15:43:42 GMT 2025","","ORDERING","ORDERING",""
"","92","IF.01","","Sun Mar 30 15:39:32 GMT 2025","passed","Sun Mar 30 15:39:32 GMT 2025","","METTA-MORPH-TESTS","METTA-MORPH-TESTS",""
"","33","BUG-254-AND-OR-XOR-BACKTRACKING-254.13","","Sun Mar 30 15:42:36 GMT 2025","passed","Sun Mar 30 15:42:36 GMT 2025","","ISSUES","ISSUES",""
"","43","MATCH-SUPERPOSED-SPACES.03","","Sun Mar 30 15:39:32 GMT 2025","passed","Sun Mar 30 15:39:32 GMT 2025","","METTA-MORPH-TESTS","METTA-MORPH-TESTS",""
"","59","ORDERING-IF2-IF-FACTORIAL.12","","Sun Mar 30 15:43:42 GMT 2025","passed","Sun Mar 30 15:43:42 GMT 2025","","ORDERING","ORDERING",""
"","91","D1-GADT.01","","Sun Mar 30 15:36:57 GMT 2025","passed","Sun Mar 30 15:36:57 GMT 2025","","HYPERON-EXPERIMENTAL-SCRIPTS","HYPERON-EXPERIMENTAL-SCRIPTS",""
"","149","BC-COMP.01","","Sun Mar 30 15:42:14 GMT 2025","passed","Sun Mar 30 15:42:14 GMT 2025","","ANTI-REGRESSION","ANTI-REGRESSION",""
"","61","ORDERING-IF-IF2-FACTORIAL.07","","Sun Mar 30 15:43:42 GMT 2025","passed","Sun Mar 30 15:43:42 GMT 2025","","ORDERING","ORDERING",""
"","88","E3-MATCH-STATES.01","","Sun Mar 30 15:36:57 GMT 2025","passed","Sun Mar 30 15:36:57 GMT 2025","","HYPERON-EXPERIMENTAL-SCRIPTS","HYPERON-EXPERIMENTAL-SCRIPTS",""
